filename, language, Dockerfile, Paradox, Markdown, Ignore, Gemfile, Ruby, YAML, HTML, Properties, XML, JavaScript, ERB, CSS, CoffeeScript, JSON, Log, comment, blank, total
.dockerignore, Ignore, 0, 0, 0, 3, 0, 0, 0, 0, 0, 0, 0, 0, 0, 0, 0, 0, 0, 0, 3
Dockerfile, Dockerfile, 13, 0, 0, 0, 0, 0, 0, 0, 0, 0, 0, 0, 0, 0, 0, 0, 5, 6, 24
readme.md, Markdown, 0, 0, 26, 0, 0, 0, 0, 0, 0, 0, 0, 0, 0, 0, 0, 0, 0, 11, 37
xulung_app/Gemfile, Gemfile, 0, 0, 0, 0, 57, 0, 0, 0, 0, 0, 0, 0, 0, 0, 0, 0, 18, 17, 92
xulung_app/app/assets/fonts/Simple-Line-Icons.dev.svg, XML, 0, 0, 0, 0, 0, 0, 0, 0, 0, 1369, 0, 0, 0, 0, 0, 0, 0, 0, 1369
xulung_app/app/assets/fonts/Simple-Line-Icons.svg, XML, 0, 0, 0, 0, 0, 0, 0, 0, 0, 1369, 0, 0, 0, 0, 0, 0, 0, 0, 1369
xulung_app/app/assets/fonts/fontawesome-webfont.svg, XML, 0, 0, 0, 0, 0, 0, 0, 0, 0, 520, 0, 0, 0, 0, 0, 0, 0, 0, 520
xulung_app/app/assets/images/annotation-check.svg, XML, 0, 0, 0, 0, 0, 0, 0, 0, 0, 3, 0, 0, 0, 0, 0, 0, 0, 1, 4
xulung_app/app/assets/images/annotation-comment.svg, XML, 0, 0, 0, 0, 0, 0, 0, 0, 0, 3, 0, 0, 0, 0, 0, 0, 0, 1, 4
xulung_app/app/assets/images/annotation-text.svg, XML, 0, 0, 0, 0, 0, 0, 0, 0, 0, 45, 0, 0, 0, 0, 0, 0, 0, 2, 47
xulung_app/app/assets/images/timeline-right.svg, XML, 0, 0, 0, 0, 0, 0, 0, 0, 0, 14, 0, 0, 0, 0, 0, 0, 1, 1, 16
xulung_app/app/assets/images/timeline_down.svg, XML, 0, 0, 0, 0, 0, 0, 0, 0, 0, 14, 0, 0, 0, 0, 0, 0, 1, 1, 16
xulung_app/app/assets/javascripts/application.js, JavaScript, 0, 0, 0, 0, 0, 0, 0, 0, 0, 0, 10, 0, 0, 0, 0, 0, 32, 3, 45
xulung_app/app/assets/javascripts/back-to-top.js, JavaScript, 0, 0, 0, 0, 0, 0, 0, 0, 0, 0, 61, 0, 0, 0, 0, 0, 7, 8, 76
xulung_app/app/assets/javascripts/bootstrap.min.js, JavaScript, 0, 0, 0, 0, 0, 0, 0, 0, 0, 0, 1, 0, 0, 0, 0, 0, 5, 0, 6
xulung_app/app/assets/javascripts/jquery-1.11.1.min.js, JavaScript, 0, 0, 0, 0, 0, 0, 0, 0, 0, 0, 3, 0, 0, 0, 0, 0, 1, 0, 4
xulung_app/app/assets/javascripts/jquery-migrate-1.2.1.min.js, JavaScript, 0, 0, 0, 0, 0, 0, 0, 0, 0, 0, 1, 0, 0, 0, 0, 0, 1, 0, 2
xulung_app/app/assets/javascripts/jquery.countdown.js, JavaScript, 0, 0, 0, 0, 0, 0, 0, 0, 0, 0, 607, 0, 0, 0, 0, 0, 158, 41, 806
xulung_app/app/assets/javascripts/jquery.counterup.min.js, JavaScript, 0, 0, 0, 0, 0, 0, 0, 0, 0, 0, 1, 0, 0, 0, 0, 0, 7, 0, 8
xulung_app/app/assets/javascripts/jquery.cubeportfolio.min.js, JavaScript, 0, 0, 0, 0, 0, 0, 0, 0, 0, 0, 2, 0, 0, 0, 0, 0, 10, 0, 12
xulung_app/app/assets/javascripts/jquery.easing.min.js, JavaScript, 0, 0, 0, 0, 0, 0, 0, 0, 0, 0, 1, 0, 0, 0, 0, 0, 43, 0, 44
xulung_app/app/assets/javascripts/jquery.js, JavaScript, 0, 0, 0, 0, 0, 0, 0, 0, 0, 0, 6838, 0, 0, 0, 0, 0, 1718, 1753, 10309
xulung_app/app/assets/javascripts/jquery.mousewheel.js, JavaScript, 0, 0, 0, 0, 0, 0, 0, 0, 0, 0, 128, 0, 0, 0, 0, 0, 42, 32, 202
xulung_app/app/assets/javascripts/jquery.nouislider.full.min.js, JavaScript, 0, 0, 0, 0, 0, 0, 0, 0, 0, 0, 33, 0, 0, 0, 0, 0, 0, 1, 34
xulung_app/app/assets/javascripts/jquery.parallax.js, JavaScript, 0, 0, 0, 0, 0, 0, 0, 0, 0, 0, 42, 0, 0, 0, 0, 0, 16, 12, 70
xulung_app/app/assets/javascripts/jquery.pjax.js, JavaScript, 0, 0, 0, 0, 0, 0, 0, 0, 0, 0, 459, 0, 0, 0, 0, 0, 300, 139, 898
xulung_app/app/assets/javascripts/jquery.themepunch.revolution.min.js, JavaScript, 0, 0, 0, 0, 0, 0, 0, 0, 0, 0, 1, 0, 0, 0, 0, 0, 6, 2, 9
xulung_app/app/assets/javascripts/jquery.themepunch.tools.min.js, JavaScript, 0, 0, 0, 0, 0, 0, 0, 0, 0, 0, 40, 0, 0, 0, 0, 0, 73, 30, 143
xulung_app/app/assets/javascripts/main.js, JavaScript, 0, 0, 0, 0, 0, 0, 0, 0, 0, 0, 121, 0, 0, 0, 0, 0, 27, 44, 192
xulung_app/app/assets/javascripts/one.app.js, JavaScript, 0, 0, 0, 0, 0, 0, 0, 0, 0, 0, 56, 0, 0, 0, 0, 0, 13, 12, 81
xulung_app/app/assets/javascripts/owl-carousel.js, JavaScript, 0, 0, 0, 0, 0, 0, 0, 0, 0, 0, 64, 0, 0, 0, 0, 0, 10, 15, 89
xulung_app/app/assets/javascripts/owl.carousel.js, JavaScript, 0, 0, 0, 0, 0, 0, 0, 0, 0, 0, 1251, 0, 0, 0, 0, 0, 14, 206, 1471
xulung_app/app/assets/javascripts/pace-loader.js, JavaScript, 0, 0, 0, 0, 0, 0, 0, 0, 0, 0, 4, 0, 0, 0, 0, 0, 3, 2, 9
xulung_app/app/assets/javascripts/pace.min.js, JavaScript, 0, 0, 0, 0, 0, 0, 0, 0, 0, 0, 1, 0, 0, 0, 0, 0, 1, 0, 2
xulung_app/app/assets/javascripts/pdfjs/compatibility.js, JavaScript, 0, 0, 0, 0, 0, 0, 0, 0, 0, 0, 324, 0, 0, 0, 0, 0, 47, 43, 414
xulung_app/app/assets/javascripts/pdfjs/l10n.js, JavaScript, 0, 0, 0, 0, 0, 0, 0, 0, 0, 0, 209, 0, 0, 0, 0, 0, 79, 35, 323
xulung_app/app/assets/javascripts/pdfjs/pdf.js, JavaScript, 0, 0, 0, 0, 0, 0, 0, 0, 0, 0, 32208, 0, 0, 0, 0, 0, 1310, 1740, 35258
xulung_app/app/assets/javascripts/pdfjs/pdf.worker.js, JavaScript, 0, 0, 0, 0, 0, 0, 0, 0, 0, 0, 35799, 0, 0, 0, 0, 0, 1258, 1631, 38688
xulung_app/app/assets/javascripts/pdfjs/viewer.js, JavaScript, 0, 0, 0, 0, 0, 0, 0, 0, 0, 0, 1838, 0, 0, 0, 0, 0, 124, 338, 2300
xulung_app/app/assets/javascripts/perfect-scrollbar.js, JavaScript, 0, 0, 0, 0, 0, 0, 0, 0, 0, 0, 548, 0, 0, 0, 0, 0, 33, 94, 675
xulung_app/app/assets/javascripts/post.js, JavaScript, 0, 0, 0, 0, 0, 0, 0, 0, 0, 0, 22, 0, 0, 0, 0, 0, 0, 1, 23
xulung_app/app/assets/javascripts/revolution-slider.js, JavaScript, 0, 0, 0, 0, 0, 0, 0, 0, 0, 0, 22, 0, 0, 0, 0, 0, 1, 3, 26
xulung_app/app/assets/javascripts/simditor/hotkeys.js, JavaScript, 0, 0, 0, 0, 0, 0, 0, 0, 0, 0, 233, 0, 0, 0, 0, 0, 4, 5, 242
xulung_app/app/assets/javascripts/simditor/jquery.min.js, JavaScript, 0, 0, 0, 0, 0, 0, 0, 0, 0, 0, 3, 0, 0, 0, 0, 0, 2, 0, 5
xulung_app/app/assets/javascripts/simditor/marked.min.js, JavaScript, 0, 0, 0, 0, 0, 0, 0, 0, 0, 0, 1, 0, 0, 0, 0, 0, 5, 0, 6
xulung_app/app/assets/javascripts/simditor/mobilecheck.js, JavaScript, 0, 0, 0, 0, 0, 0, 0, 0, 0, 0, 4, 0, 0, 0, 0, 0, 0, 0, 4
xulung_app/app/assets/javascripts/simditor/module.js, JavaScript, 0, 0, 0, 0, 0, 0, 0, 0, 0, 0, 148, 0, 0, 0, 0, 0, 4, 23, 175
xulung_app/app/assets/javascripts/simditor/page-demo.js, JavaScript, 0, 0, 0, 0, 0, 0, 0, 0, 0, 0, 27, 0, 0, 0, 0, 0, 0, 2, 29
xulung_app/app/assets/javascripts/simditor/page-doc.js, JavaScript, 0, 0, 0, 0, 0, 0, 0, 0, 0, 0, 6, 0, 0, 0, 0, 0, 0, 2, 8
xulung_app/app/assets/javascripts/simditor/page-download.js, JavaScript, 0, 0, 0, 0, 0, 0, 0, 0, 0, 0, 16, 0, 0, 0, 0, 0, 0, 2, 18
xulung_app/app/assets/javascripts/simditor/page-form.js, JavaScript, 0, 0, 0, 0, 0, 0, 0, 0, 0, 0, 25, 0, 0, 0, 0, 0, 0, 2, 27
xulung_app/app/assets/javascripts/simditor/simditor-fullscreen.js, JavaScript, 0, 0, 0, 0, 0, 0, 0, 0, 0, 0, 86, 0, 0, 0, 0, 0, 0, 14, 100
xulung_app/app/assets/javascripts/simditor/simditor-html.js, JavaScript, 0, 0, 0, 0, 0, 0, 0, 0, 0, 0, 84, 0, 0, 0, 0, 0, 4, 17, 105
xulung_app/app/assets/javascripts/simditor/simditor-livemd.js, JavaScript, 0, 0, 0, 0, 0, 0, 0, 0, 0, 0, 219, 0, 0, 0, 0, 0, 4, 7, 230
xulung_app/app/assets/javascripts/simditor/simditor-markdown.js, JavaScript, 0, 0, 0, 0, 0, 0, 0, 0, 0, 0, 124, 0, 0, 0, 0, 0, 4, 19, 147
xulung_app/app/assets/javascripts/simditor/simditor-marked.js, JavaScript, 0, 0, 0, 0, 0, 0, 0, 0, 0, 0, 129, 0, 0, 0, 0, 0, 0, 19, 148
xulung_app/app/assets/javascripts/simditor/simditor.js, JavaScript, 0, 0, 0, 0, 0, 0, 0, 0, 0, 0, 3939, 0, 0, 0, 0, 0, 1251, 390, 5580
xulung_app/app/assets/javascripts/simditor/to-markdown.js, JavaScript, 0, 0, 0, 0, 0, 0, 0, 0, 0, 0, 558, 0, 0, 0, 0, 0, 89, 112, 759
xulung_app/app/assets/javascripts/simditor/uploader.js, JavaScript, 0, 0, 0, 0, 0, 0, 0, 0, 0, 0, 237, 0, 0, 0, 0, 0, 4, 21, 262
xulung_app/app/assets/javascripts/style-switcher.js, JavaScript, 0, 0, 0, 0, 0, 0, 0, 0, 0, 0, 40, 0, 0, 0, 0, 0, 2, 10, 52
xulung_app/app/assets/javascripts/video.js.coffee, CoffeeScript, 0, 0, 0, 0, 0, 0, 0, 0, 0, 0, 0, 0, 0, 6, 0, 0, 2, 0, 8
xulung_app/app/assets/javascripts/waypoints.min.js, JavaScript, 0, 0, 0, 0, 0, 0, 0, 0, 0, 0, 1, 0, 0, 0, 0, 0, 7, 0, 8
xulung_app/app/assets/stylesheets/app.css, CSS, 0, 0, 0, 0, 0, 0, 0, 0, 0, 0, 0, 0, 2670, 0, 0, 0, 189, 448, 3307
xulung_app/app/assets/stylesheets/application.css, CSS, 0, 0, 0, 0, 0, 0, 0, 0, 0, 0, 0, 0, 0, 0, 0, 0, 25, 1, 26
xulung_app/app/assets/stylesheets/bootstrap.min.css, CSS, 0, 0, 0, 0, 0, 0, 0, 0, 0, 0, 0, 0, 5408, 0, 0, 0, 9, 1338, 6755
xulung_app/app/assets/stylesheets/custom.css, CSS, 0, 0, 0, 0, 0, 0, 0, 0, 0, 0, 0, 0, 314, 0, 0, 0, 21, 66, 401
xulung_app/app/assets/stylesheets/default.css, CSS, 0, 0, 0, 0, 0, 0, 0, 0, 0, 0, 0, 0, 0, 0, 0, 0, 6, 1, 7
xulung_app/app/assets/stylesheets/flexslider.css, CSS, 0, 0, 0, 0, 0, 0, 0, 0, 0, 0, 0, 0, 41, 0, 0, 0, 21, 14, 76
xulung_app/app/assets/stylesheets/footer-v2.css, CSS, 0, 0, 0, 0, 0, 0, 0, 0, 0, 0, 0, 0, 38, 0, 0, 0, 5, 9, 52
xulung_app/app/assets/stylesheets/header-v2.css, CSS, 0, 0, 0, 0, 0, 0, 0, 0, 0, 0, 0, 0, 714, 0, 0, 0, 45, 142, 901
xulung_app/app/assets/stylesheets/highlight.css, CSS, 0, 0, 0, 0, 0, 0, 0, 0, 0, 0, 0, 0, 70, 0, 0, 0, 0, 2, 72
xulung_app/app/assets/stylesheets/jquery.fancybox.css, CSS, 0, 0, 0, 0, 0, 0, 0, 0, 0, 0, 0, 0, 211, 0, 0, 0, 3, 36, 250
xulung_app/app/assets/stylesheets/line-icons.css, CSS, 0, 0, 0, 0, 0, 0, 0, 0, 0, 0, 0, 0, 552, 0, 0, 0, 7, 166, 725
xulung_app/app/assets/stylesheets/owl.carousel.css, CSS, 0, 0, 0, 0, 0, 0, 0, 0, 0, 0, 0, 0, 207, 0, 0, 0, 15, 10, 232
xulung_app/app/assets/stylesheets/price_v8.css, CSS, 0, 0, 0, 0, 0, 0, 0, 0, 0, 0, 0, 0, 910, 0, 0, 0, 31, 39, 980
xulung_app/app/assets/stylesheets/roadmap.css, CSS, 0, 0, 0, 0, 0, 0, 0, 0, 0, 0, 0, 0, 107, 0, 0, 0, 0, 28, 135
xulung_app/app/assets/stylesheets/rouge.css.erb, ERB, 0, 0, 0, 0, 0, 0, 0, 0, 0, 0, 0, 1, 0, 0, 0, 0, 0, 1, 2
xulung_app/app/assets/stylesheets/simditor-html.css, CSS, 0, 0, 0, 0, 0, 0, 0, 0, 0, 0, 0, 0, 7, 0, 0, 0, 0, 1, 8
xulung_app/app/assets/stylesheets/simditor-markdown.css, CSS, 0, 0, 0, 0, 0, 0, 0, 0, 0, 0, 0, 0, 28, 0, 0, 0, 0, 1, 29
xulung_app/app/assets/stylesheets/sky-forms.css, CSS, 0, 0, 0, 0, 0, 0, 0, 0, 0, 0, 0, 0, 901, 0, 0, 0, 82, 53, 1036
xulung_app/app/assets/stylesheets/style.css, CSS, 0, 0, 0, 0, 0, 0, 0, 0, 0, 0, 0, 0, 1748, 0, 0, 0, 150, 358, 2256
xulung_app/app/assets/stylesheets/timeline.css, CSS, 0, 0, 0, 0, 0, 0, 0, 0, 0, 0, 0, 0, 123, 0, 0, 0, 19, 24, 166
xulung_app/app/assets/stylesheets/viewer.css.erb, ERB, 0, 0, 0, 0, 0, 0, 0, 0, 0, 0, 0, 1192, 0, 0, 0, 0, 0, 139, 1331
xulung_app/app/assets/stylesheets/welcome.css, CSS, 0, 0, 0, 0, 0, 0, 0, 0, 0, 0, 0, 0, 371, 0, 0, 0, 21, 28, 420
xulung_app/app/assets/stylesheets/yue.css, CSS, 0, 0, 0, 0, 0, 0, 0, 0, 0, 0, 0, 0, 219, 0, 0, 0, 41, 46, 306
xulung_app/app/controllers/admin_controller.rb, Ruby, 0, 0, 0, 0, 0, 61, 0, 0, 0, 0, 0, 0, 0, 0, 0, 0, 0, 12, 73
xulung_app/app/controllers/application_controller.rb, Ruby, 0, 0, 0, 0, 0, 95, 0, 0, 0, 0, 0, 0, 0, 0, 0, 0, 19, 34, 148
xulung_app/app/controllers/comments_controller.rb, Ruby, 0, 0, 0, 0, 0, 15, 0, 0, 0, 0, 0, 0, 0, 0, 0, 0, 1, 4, 20
xulung_app/app/controllers/consultants_controller.rb, Ruby, 0, 0, 0, 0, 0, 68, 0, 0, 0, 0, 0, 0, 0, 0, 0, 0, 3, 15, 86
xulung_app/app/controllers/desktop_controller.rb, Ruby, 0, 0, 0, 0, 0, 141, 0, 0, 0, 0, 0, 0, 0, 0, 0, 0, 1, 19, 161
xulung_app/app/controllers/errors_controller.rb, Ruby, 0, 0, 0, 0, 0, 9, 0, 0, 0, 0, 0, 0, 0, 0, 0, 0, 0, 2, 11
xulung_app/app/controllers/favorites_controller.rb, Ruby, 0, 0, 0, 0, 0, 40, 0, 0, 0, 0, 0, 0, 0, 0, 0, 0, 2, 10, 52
xulung_app/app/controllers/orders_controller.rb, Ruby, 0, 0, 0, 0, 0, 47, 0, 0, 0, 0, 0, 0, 0, 0, 0, 0, 1, 6, 54
xulung_app/app/controllers/pages_controller.rb, Ruby, 0, 0, 0, 0, 0, 57, 0, 0, 0, 0, 0, 0, 0, 0, 0, 0, 7, 16, 80
xulung_app/app/controllers/photos_controller.rb, Ruby, 0, 0, 0, 0, 0, 51, 0, 0, 0, 0, 0, 0, 0, 0, 0, 0, 0, 12, 63
xulung_app/app/controllers/posts_controller.rb, Ruby, 0, 0, 0, 0, 0, 109, 0, 0, 0, 0, 0, 0, 0, 0, 0, 0, 7, 20, 136
xulung_app/app/controllers/service_controller.rb, Ruby, 0, 0, 0, 0, 0, 34, 0, 0, 0, 0, 0, 0, 0, 0, 0, 0, 0, 9, 43
xulung_app/app/controllers/users_controller.rb, Ruby, 0, 0, 0, 0, 0, 17, 0, 0, 0, 0, 0, 0, 0, 0, 0, 0, 7, 8, 32
xulung_app/app/controllers/videos_controller.rb, Ruby, 0, 0, 0, 0, 0, 139, 0, 0, 0, 0, 0, 0, 0, 0, 0, 0, 28, 34, 201
xulung_app/app/controllers/welcome_controller.rb, Ruby, 0, 0, 0, 0, 0, 24, 0, 0, 0, 0, 0, 0, 0, 0, 0, 0, 6, 7, 37
xulung_app/app/helpers/application_helper.rb, Ruby, 0, 0, 0, 0, 0, 85, 0, 0, 0, 0, 0, 0, 0, 0, 0, 0, 6, 18, 109
xulung_app/app/helpers/orders_helper.rb, Ruby, 0, 0, 0, 0, 0, 2, 0, 0, 0, 0, 0, 0, 0, 0, 0, 0, 0, 1, 3
xulung_app/app/helpers/photos_helper.rb, Ruby, 0, 0, 0, 0, 0, 2, 0, 0, 0, 0, 0, 0, 0, 0, 0, 0, 0, 1, 3
xulung_app/app/helpers/posts_helper.rb, Ruby, 0, 0, 0, 0, 0, 5, 0, 0, 0, 0, 0, 0, 0, 0, 0, 0, 0, 3, 8
xulung_app/app/helpers/user_helper.rb, Ruby, 0, 0, 0, 0, 0, 2, 0, 0, 0, 0, 0, 0, 0, 0, 0, 0, 0, 1, 3
xulung_app/app/helpers/video_helper.rb, Ruby, 0, 0, 0, 0, 0, 143, 0, 0, 0, 0, 0, 0, 0, 0, 0, 0, 0, 16, 159
xulung_app/app/inputs/pagedown_input.rb, Ruby, 0, 0, 0, 0, 0, 2, 0, 0, 0, 0, 0, 0, 0, 0, 0, 0, 9, 1, 12
xulung_app/app/mailers/invite_mailer.rb, Ruby, 0, 0, 0, 0, 0, 8, 0, 0, 0, 0, 0, 0, 0, 0, 0, 0, 5, 3, 16
xulung_app/app/mailers/welcome.rb, Ruby, 0, 0, 0, 0, 0, 12, 0, 0, 0, 0, 0, 0, 0, 0, 0, 0, 0, 4, 16
xulung_app/app/models/comment.rb, Ruby, 0, 0, 0, 0, 0, 4, 0, 0, 0, 0, 0, 0, 0, 0, 0, 0, 1, 1, 6
xulung_app/app/models/consultant.rb, Ruby, 0, 0, 0, 0, 0, 6, 0, 0, 0, 0, 0, 0, 0, 0, 0, 0, 3, 1, 10
xulung_app/app/models/favorite.rb, Ruby, 0, 0, 0, 0, 0, 4, 0, 0, 0, 0, 0, 0, 0, 0, 0, 0, 0, 3, 7
xulung_app/app/models/invite.rb, Ruby, 0, 0, 0, 0, 0, 14, 0, 0, 0, 0, 0, 0, 0, 0, 0, 0, 1, 4, 19
xulung_app/app/models/membership.rb, Ruby, 0, 0, 0, 0, 0, 2, 0, 0, 0, 0, 0, 0, 0, 0, 0, 0, 0, 1, 3
xulung_app/app/models/order.rb, Ruby, 0, 0, 0, 0, 0, 20, 0, 0, 0, 0, 0, 0, 0, 0, 0, 0, 0, 1, 21
xulung_app/app/models/page.rb, Ruby, 0, 0, 0, 0, 0, 14, 0, 0, 0, 0, 0, 0, 0, 0, 0, 0, 22, 13, 49
xulung_app/app/models/photo.rb, Ruby, 0, 0, 0, 0, 0, 6, 0, 0, 0, 0, 0, 0, 0, 0, 0, 0, 0, 4, 10
xulung_app/app/models/post.rb, Ruby, 0, 0, 0, 0, 0, 39, 0, 0, 0, 0, 0, 0, 0, 0, 0, 0, 3, 13, 55
xulung_app/app/models/tag.rb, Ruby, 0, 0, 0, 0, 0, 5, 0, 0, 0, 0, 0, 0, 0, 0, 0, 0, 0, 2, 7
xulung_app/app/models/tagging.rb, Ruby, 0, 0, 0, 0, 0, 5, 0, 0, 0, 0, 0, 0, 0, 0, 0, 0, 0, 1, 6
xulung_app/app/models/user.rb, Ruby, 0, 0, 0, 0, 0, 57, 0, 0, 0, 0, 0, 0, 0, 0, 0, 0, 10, 12, 79
xulung_app/app/models/video.rb, Ruby, 0, 0, 0, 0, 0, 62, 0, 0, 0, 0, 0, 0, 0, 0, 0, 0, 46, 27, 135
xulung_app/app/models/vote.rb, Ruby, 0, 0, 0, 0, 0, 3, 0, 0, 0, 0, 0, 0, 0, 0, 0, 0, 0, 2, 5
xulung_app/app/uploaders/avatar_uploader.rb, Ruby, 0, 0, 0, 0, 0, 17, 0, 0, 0, 0, 0, 0, 0, 0, 0, 0, 13, 5, 35
xulung_app/app/uploaders/dashang_uploader.rb, Ruby, 0, 0, 0, 0, 0, 17, 0, 0, 0, 0, 0, 0, 0, 0, 0, 0, 3, 5, 25
xulung_app/app/uploaders/photo_uploader.rb, Ruby, 0, 0, 0, 0, 0, 17, 0, 0, 0, 0, 0, 0, 0, 0, 0, 0, 10, 6, 33
xulung_app/app/uploaders/postimg_uploader.rb, Ruby, 0, 0, 0, 0, 0, 16, 0, 0, 0, 0, 0, 0, 0, 0, 0, 0, 3, 8, 27
xulung_app/app/uploaders/still_uploader.rb, Ruby, 0, 0, 0, 0, 0, 55, 0, 0, 0, 0, 0, 0, 0, 0, 0, 0, 9, 16, 80
xulung_app/app/views/admin/_allusers.html.erb, ERB, 0, 0, 0, 0, 0, 0, 0, 0, 0, 0, 0, 61, 0, 0, 0, 0, 0, 3, 64
xulung_app/app/views/admin/_course.html.erb, ERB, 0, 0, 0, 0, 0, 0, 0, 0, 0, 0, 0, 47, 0, 0, 0, 0, 0, 11, 58
xulung_app/app/views/admin/_newinvite.html.erb, ERB, 0, 0, 0, 0, 0, 0, 0, 0, 0, 0, 0, 25, 0, 0, 0, 0, 0, 5, 30
xulung_app/app/views/admin/_pages.html.erb, ERB, 0, 0, 0, 0, 0, 0, 0, 0, 0, 0, 0, 85, 0, 0, 0, 0, 0, 9, 94
xulung_app/app/views/admin/_posts.html.erb, ERB, 0, 0, 0, 0, 0, 0, 0, 0, 0, 0, 0, 117, 0, 0, 0, 0, 0, 11, 128
xulung_app/app/views/admin/index.html.erb, ERB, 0, 0, 0, 0, 0, 0, 0, 0, 0, 0, 0, 54, 0, 0, 0, 0, 0, 3, 57
xulung_app/app/views/comments/_comment.html.erb, ERB, 0, 0, 0, 0, 0, 0, 0, 0, 0, 0, 0, 12, 0, 0, 0, 0, 0, 2, 14
xulung_app/app/views/comments/_comment_form.html.erb, ERB, 0, 0, 0, 0, 0, 0, 0, 0, 0, 0, 0, 29, 0, 0, 0, 0, 0, 8, 37
xulung_app/app/views/consultants/_consultant.html.erb, ERB, 0, 0, 0, 0, 0, 0, 0, 0, 0, 0, 0, 12, 0, 0, 0, 0, 0, 2, 14
xulung_app/app/views/consultants/_consultant_form.html.erb, ERB, 0, 0, 0, 0, 0, 0, 0, 0, 0, 0, 0, 97, 0, 0, 0, 0, 0, 4, 101
xulung_app/app/views/consultants/edit.html.erb, ERB, 0, 0, 0, 0, 0, 0, 0, 0, 0, 0, 0, 14, 0, 0, 0, 0, 0, 1, 15
xulung_app/app/views/consultants/index.html.erb, ERB, 0, 0, 0, 0, 0, 0, 0, 0, 0, 0, 0, 56, 0, 0, 0, 0, 0, 4, 60
xulung_app/app/views/consultants/new.html.erb, ERB, 0, 0, 0, 0, 0, 0, 0, 0, 0, 0, 0, 19, 0, 0, 0, 0, 0, 2, 21
xulung_app/app/views/consultants/show.html.erb, ERB, 0, 0, 0, 0, 0, 0, 0, 0, 0, 0, 0, 54, 0, 0, 0, 0, 0, 2, 56
xulung_app/app/views/desktop/_consultant.html.erb, ERB, 0, 0, 0, 0, 0, 0, 0, 0, 0, 0, 0, 66, 0, 0, 0, 0, 0, 2, 68
xulung_app/app/views/desktop/_content.html.erb, ERB, 0, 0, 0, 0, 0, 0, 0, 0, 0, 0, 0, 46, 0, 0, 0, 0, 0, 14, 60
xulung_app/app/views/desktop/_course.html.erb, ERB, 0, 0, 0, 0, 0, 0, 0, 0, 0, 0, 0, 1, 0, 0, 0, 0, 0, 1, 2
xulung_app/app/views/desktop/_list_bytag.html.erb, ERB, 0, 0, 0, 0, 0, 0, 0, 0, 0, 0, 0, 31, 0, 0, 0, 0, 0, 5, 36
xulung_app/app/views/desktop/_list_nothumb.html.erb, ERB, 0, 0, 0, 0, 0, 0, 0, 0, 0, 0, 0, 25, 0, 0, 0, 0, 0, 2, 27
xulung_app/app/views/desktop/_list_videos.html.erb, ERB, 0, 0, 0, 0, 0, 0, 0, 0, 0, 0, 0, 56, 0, 0, 0, 0, 0, 5, 61
xulung_app/app/views/desktop/_list_videos_tight.html.erb, ERB, 0, 0, 0, 0, 0, 0, 0, 0, 0, 0, 0, 17, 0, 0, 0, 0, 0, 1, 18
xulung_app/app/views/desktop/_myuploadedcourse.html.erb, ERB, 0, 0, 0, 0, 0, 0, 0, 0, 0, 0, 0, 33, 0, 0, 0, 0, 0, 6, 39
xulung_app/app/views/desktop/_nav.html.erb, ERB, 0, 0, 0, 0, 0, 0, 0, 0, 0, 0, 0, 44, 0, 0, 0, 0, 0, 9, 53
xulung_app/app/views/desktop/_newcourse.html.erb, ERB, 0, 0, 0, 0, 0, 0, 0, 0, 0, 0, 0, 46, 0, 0, 0, 0, 0, 11, 57
xulung_app/app/views/desktop/_tagcourse.html.erb, ERB, 0, 0, 0, 0, 0, 0, 0, 0, 0, 0, 0, 24, 0, 0, 0, 0, 0, 1, 25
xulung_app/app/views/desktop/_taglist.html.erb, ERB, 0, 0, 0, 0, 0, 0, 0, 0, 0, 0, 0, 32, 0, 0, 0, 0, 0, 3, 35
xulung_app/app/views/desktop/_user.html.erb, ERB, 0, 0, 0, 0, 0, 0, 0, 0, 0, 0, 0, 216, 0, 0, 0, 0, 0, 12, 228
xulung_app/app/views/desktop/_user.mobile.html.erb, ERB, 0, 0, 0, 0, 0, 0, 0, 0, 0, 0, 0, 57, 0, 0, 0, 0, 0, 2, 59
xulung_app/app/views/desktop/_withstyle_course.html.erb, ERB, 0, 0, 0, 0, 0, 0, 0, 0, 0, 0, 0, 20, 0, 0, 0, 0, 0, 3, 23
xulung_app/app/views/desktop/course.html.erb, ERB, 0, 0, 0, 0, 0, 0, 0, 0, 0, 0, 0, 6, 0, 0, 0, 0, 0, 1, 7
xulung_app/app/views/desktop/index.html.erb, ERB, 0, 0, 0, 0, 0, 0, 0, 0, 0, 0, 0, 11, 0, 0, 0, 0, 0, 2, 13
xulung_app/app/views/desktop/listcourse.html.erb, ERB, 0, 0, 0, 0, 0, 0, 0, 0, 0, 0, 0, 15, 0, 0, 0, 0, 0, 1, 16
xulung_app/app/views/desktop/listtagcourse.html.erb, ERB, 0, 0, 0, 0, 0, 0, 0, 0, 0, 0, 0, 22, 0, 0, 0, 0, 0, 3, 25
xulung_app/app/views/desktop/mycourse.html.erb, ERB, 0, 0, 0, 0, 0, 0, 0, 0, 0, 0, 0, 25, 0, 0, 0, 0, 0, 1, 26
xulung_app/app/views/desktop/report.html.erb, ERB, 0, 0, 0, 0, 0, 0, 0, 0, 0, 0, 0, 20, 0, 0, 0, 0, 0, 3, 23
xulung_app/app/views/desktop/sharetech.html.erb, ERB, 0, 0, 0, 0, 0, 0, 0, 0, 0, 0, 0, 97, 0, 0, 0, 0, 0, 9, 106
xulung_app/app/views/desktop/show.html.erb, ERB, 0, 0, 0, 0, 0, 0, 0, 0, 0, 0, 0, 8, 0, 0, 0, 0, 0, 2, 10
xulung_app/app/views/desktop/startlearning.html.erb, ERB, 0, 0, 0, 0, 0, 0, 0, 0, 0, 0, 0, 39, 0, 0, 0, 0, 0, 3, 42
xulung_app/app/views/desktop/tech.html.erb, ERB, 0, 0, 0, 0, 0, 0, 0, 0, 0, 0, 0, 6, 0, 0, 0, 0, 0, 1, 7
xulung_app/app/views/devise/confirmations/new.html.erb, ERB, 0, 0, 0, 0, 0, 0, 0, 0, 0, 0, 0, 8, 0, 0, 0, 0, 0, 5, 13
xulung_app/app/views/devise/invitations/edit.html.erb, ERB, 0, 0, 0, 0, 0, 0, 0, 0, 0, 0, 0, 8, 0, 0, 0, 0, 0, 4, 12
xulung_app/app/views/devise/invitations/new.html.erb, ERB, 0, 0, 0, 0, 0, 0, 0, 0, 0, 0, 0, 8, 0, 0, 0, 0, 0, 4, 12
xulung_app/app/views/devise/mailer/confirmation_instructions.html.erb, ERB, 0, 0, 0, 0, 0, 0, 0, 0, 0, 0, 0, 3, 0, 0, 0, 0, 0, 3, 6
xulung_app/app/views/devise/mailer/invitation_instructions.html.erb, ERB, 0, 0, 0, 0, 0, 0, 0, 0, 0, 0, 0, 7, 0, 0, 0, 0, 0, 5, 12
xulung_app/app/views/devise/mailer/reset_password_instructions.html.erb, ERB, 0, 0, 0, 0, 0, 0, 0, 0, 0, 0, 0, 5, 0, 0, 0, 0, 0, 4, 9
xulung_app/app/views/devise/mailer/unlock_instructions.html.erb, ERB, 0, 0, 0, 0, 0, 0, 0, 0, 0, 0, 0, 4, 0, 0, 0, 0, 0, 4, 8
xulung_app/app/views/devise/passwords/edit.html.erb, ERB, 0, 0, 0, 0, 0, 0, 0, 0, 0, 0, 0, 19, 0, 0, 0, 0, 0, 4, 23
xulung_app/app/views/devise/passwords/new.html.erb, ERB, 0, 0, 0, 0, 0, 0, 0, 0, 0, 0, 0, 27, 0, 0, 0, 0, 0, 4, 31
xulung_app/app/views/devise/registrations/_buy.html.erb, ERB, 0, 0, 0, 0, 0, 0, 0, 0, 0, 0, 0, 72, 0, 0, 0, 0, 0, 7, 79
xulung_app/app/views/devise/registrations/_easyjoin.html.erb, ERB, 0, 0, 0, 0, 0, 0, 0, 0, 0, 0, 0, 19, 0, 0, 0, 0, 0, 6, 25
xulung_app/app/views/devise/registrations/_join.html.erb, ERB, 0, 0, 0, 0, 0, 0, 0, 0, 0, 0, 0, 35, 0, 0, 0, 0, 0, 5, 40
xulung_app/app/views/devise/registrations/_newform.html.erb, ERB, 0, 0, 0, 0, 0, 0, 0, 0, 0, 0, 0, 36, 0, 0, 0, 0, 0, 9, 45
xulung_app/app/views/devise/registrations/edit.html.erb, ERB, 0, 0, 0, 0, 0, 0, 0, 0, 0, 0, 0, 57, 0, 0, 0, 0, 0, 8, 65
xulung_app/app/views/devise/registrations/new.html.erb, ERB, 0, 0, 0, 0, 0, 0, 0, 0, 0, 0, 0, 20, 0, 0, 0, 0, 0, 0, 20
xulung_app/app/views/devise/sessions/new.html.erb, ERB, 0, 0, 0, 0, 0, 0, 0, 0, 0, 0, 0, 54, 0, 0, 0, 0, 0, 4, 58
xulung_app/app/views/devise/shared/_links.erb, ERB, 0, 0, 0, 0, 0, 0, 0, 0, 0, 0, 0, 20, 0, 0, 0, 0, 0, 6, 26
xulung_app/app/views/devise/unlocks/new.html.erb, ERB, 0, 0, 0, 0, 0, 0, 0, 0, 0, 0, 0, 8, 0, 0, 0, 0, 0, 5, 13
xulung_app/app/views/errors/not_found.html.erb, ERB, 0, 0, 0, 0, 0, 0, 0, 0, 0, 0, 0, 1, 0, 0, 0, 0, 0, 0, 1
xulung_app/app/views/kaminari/_first_page.html.erb, ERB, 0, 0, 0, 0, 0, 0, 0, 0, 0, 0, 0, 3, 0, 0, 0, 0, 8, 1, 12
xulung_app/app/views/kaminari/_gap.html.erb, ERB, 0, 0, 0, 0, 0, 0, 0, 0, 0, 0, 0, 1, 0, 0, 0, 0, 7, 1, 9
xulung_app/app/views/kaminari/_last_page.html.erb, ERB, 0, 0, 0, 0, 0, 0, 0, 0, 0, 0, 0, 3, 0, 0, 0, 0, 8, 1, 12
xulung_app/app/views/kaminari/_next_page.html.erb, ERB, 0, 0, 0, 0, 0, 0, 0, 0, 0, 0, 0, 3, 0, 0, 0, 0, 8, 1, 12
xulung_app/app/views/kaminari/_page.html.erb, ERB, 0, 0, 0, 0, 0, 0, 0, 0, 0, 0, 0, 3, 0, 0, 0, 0, 9, 1, 13
xulung_app/app/views/kaminari/_paginator.html.erb, ERB, 0, 0, 0, 0, 0, 0, 0, 0, 0, 0, 0, 21, 0, 0, 0, 0, 8, 2, 31
xulung_app/app/views/kaminari/_prev_page.html.erb, ERB, 0, 0, 0, 0, 0, 0, 0, 0, 0, 0, 0, 3, 0, 0, 0, 0, 8, 1, 12
xulung_app/app/views/layouts/app.html.erb, ERB, 0, 0, 0, 0, 0, 0, 0, 0, 0, 0, 0, 18, 0, 0, 0, 0, 0, 7, 25
xulung_app/app/views/layouts/application.html.erb, ERB, 0, 0, 0, 0, 0, 0, 0, 0, 0, 0, 0, 19, 0, 0, 0, 0, 0, 4, 23
xulung_app/app/views/layouts/desktop.html.erb, ERB, 0, 0, 0, 0, 0, 0, 0, 0, 0, 0, 0, 49, 0, 0, 0, 0, 0, 5, 54
xulung_app/app/views/layouts/devise/sessions.html.erb, ERB, 0, 0, 0, 0, 0, 0, 0, 0, 0, 0, 0, 25, 0, 0, 0, 0, 0, 4, 29
xulung_app/app/views/layouts/home.html.erb, ERB, 0, 0, 0, 0, 0, 0, 0, 0, 0, 0, 0, 14, 0, 0, 0, 0, 0, 5, 19
xulung_app/app/views/layouts/learning.html.erb, ERB, 0, 0, 0, 0, 0, 0, 0, 0, 0, 0, 0, 30, 0, 0, 0, 0, 0, 8, 38
xulung_app/app/views/layouts/mobile.html.erb, ERB, 0, 0, 0, 0, 0, 0, 0, 0, 0, 0, 0, 67, 0, 0, 0, 0, 0, 11, 78
xulung_app/app/views/orders/new.html.erb, ERB, 0, 0, 0, 0, 0, 0, 0, 0, 0, 0, 0, 28, 0, 0, 0, 0, 0, 1, 29
xulung_app/app/views/orders/show.html.erb, ERB, 0, 0, 0, 0, 0, 0, 0, 0, 0, 0, 0, 29, 0, 0, 0, 0, 0, 1, 30
xulung_app/app/views/pages/_form.html.erb, ERB, 0, 0, 0, 0, 0, 0, 0, 0, 0, 0, 0, 50, 0, 0, 0, 0, 0, 3, 53
xulung_app/app/views/pages/_newpage.html, HTML, 0, 0, 0, 0, 0, 0, 0, 38, 0, 0, 0, 0, 0, 0, 0, 0, 0, 2, 40
xulung_app/app/views/pages/edit.html.erb, ERB, 0, 0, 0, 0, 0, 0, 0, 0, 0, 0, 0, 14, 0, 0, 0, 0, 0, 1, 15
xulung_app/app/views/pages/feed.rss.builder, Ruby, 0, 0, 0, 0, 0, 17, 0, 0, 0, 0, 0, 0, 0, 0, 0, 0, 1, 2, 20
xulung_app/app/views/pages/index.html.erb, ERB, 0, 0, 0, 0, 0, 0, 0, 0, 0, 0, 0, 69, 0, 0, 0, 0, 0, 6, 75
xulung_app/app/views/pages/new.html.erb, ERB, 0, 0, 0, 0, 0, 0, 0, 0, 0, 0, 0, 19, 0, 0, 0, 0, 0, 2, 21
xulung_app/app/views/pages/show.html.erb, ERB, 0, 0, 0, 0, 0, 0, 0, 0, 0, 0, 0, 50, 0, 0, 0, 0, 0, 4, 54
xulung_app/app/views/photos/create.html.erb, ERB, 0, 0, 0, 0, 0, 0, 0, 0, 0, 0, 0, 2, 0, 0, 0, 0, 0, 1, 3
xulung_app/app/views/posts/_form.html.erb, ERB, 0, 0, 0, 0, 0, 0, 0, 0, 0, 0, 0, 70, 0, 0, 0, 0, 0, 5, 75
xulung_app/app/views/posts/_newpost.html.erb, ERB, 0, 0, 0, 0, 0, 0, 0, 0, 0, 0, 0, 56, 0, 0, 0, 0, 0, 3, 59
xulung_app/app/views/posts/_post_tag.html.erb, ERB, 0, 0, 0, 0, 0, 0, 0, 0, 0, 0, 0, 11, 0, 0, 0, 0, 0, 5, 16
xulung_app/app/views/posts/edit.html.erb, ERB, 0, 0, 0, 0, 0, 0, 0, 0, 0, 0, 0, 14, 0, 0, 0, 0, 0, 1, 15
xulung_app/app/views/posts/feed.rss.builder, Ruby, 0, 0, 0, 0, 0, 17, 0, 0, 0, 0, 0, 0, 0, 0, 0, 0, 1, 2, 20
xulung_app/app/views/posts/index.html.erb, ERB, 0, 0, 0, 0, 0, 0, 0, 0, 0, 0, 0, 102, 0, 0, 0, 0, 0, 9, 111
xulung_app/app/views/posts/new.html.erb, ERB, 0, 0, 0, 0, 0, 0, 0, 0, 0, 0, 0, 19, 0, 0, 0, 0, 0, 2, 21
xulung_app/app/views/posts/preview.html.erb, ERB, 0, 0, 0, 0, 0, 0, 0, 0, 0, 0, 0, 52, 0, 0, 0, 0, 0, 4, 56
xulung_app/app/views/posts/show.html.erb, ERB, 0, 0, 0, 0, 0, 0, 0, 0, 0, 0, 0, 54, 0, 0, 0, 0, 0, 6, 60
xulung_app/app/views/service/_about.html.erb, ERB, 0, 0, 0, 0, 0, 0, 0, 0, 0, 0, 0, 155, 0, 0, 0, 0, 0, 6, 161
xulung_app/app/views/service/_course.html.erb, ERB, 0, 0, 0, 0, 0, 0, 0, 0, 0, 0, 0, 365, 0, 0, 0, 0, 0, 21, 386
xulung_app/app/views/service/activity.html.erb, ERB, 0, 0, 0, 0, 0, 0, 0, 0, 0, 0, 0, 33, 0, 0, 0, 0, 0, 3, 36
xulung_app/app/views/service/consultant.html.erb, ERB, 0, 0, 0, 0, 0, 0, 0, 0, 0, 0, 0, 19, 0, 0, 0, 0, 0, 3, 22
xulung_app/app/views/service/counselor.html.erb, ERB, 0, 0, 0, 0, 0, 0, 0, 0, 0, 0, 0, 24, 0, 0, 0, 0, 0, 4, 28
xulung_app/app/views/service/isthisforme.html.erb, ERB, 0, 0, 0, 0, 0, 0, 0, 0, 0, 0, 0, 58, 0, 0, 0, 0, 0, 15, 73
xulung_app/app/views/service/membership.html.erb, ERB, 0, 0, 0, 0, 0, 0, 0, 0, 0, 0, 0, 94, 0, 0, 0, 0, 0, 10, 104
xulung_app/app/views/service/schulungapp.html.erb, ERB, 0, 0, 0, 0, 0, 0, 0, 0, 0, 0, 0, 49, 0, 0, 0, 0, 0, 17, 66
xulung_app/app/views/service/simulation.html.erb, ERB, 0, 0, 0, 0, 0, 0, 0, 0, 0, 0, 0, 23, 0, 0, 0, 0, 0, 2, 25
xulung_app/app/views/service/successstories.html.erb, ERB, 0, 0, 0, 0, 0, 0, 0, 0, 0, 0, 0, 41, 0, 0, 0, 0, 0, 1, 42
xulung_app/app/views/service/tech.html.erb, ERB, 0, 0, 0, 0, 0, 0, 0, 0, 0, 0, 0, 36, 0, 0, 0, 0, 0, 3, 39
xulung_app/app/views/service/telephone.html.erb, ERB, 0, 0, 0, 0, 0, 0, 0, 0, 0, 0, 0, 32, 0, 0, 0, 0, 0, 2, 34
xulung_app/app/views/shared/_breadcrumbs.html.erb, ERB, 0, 0, 0, 0, 0, 0, 0, 0, 0, 0, 0, 11, 0, 0, 0, 0, 0, 0, 11
xulung_app/app/views/shared/_flash.html.erb, ERB, 0, 0, 0, 0, 0, 0, 0, 0, 0, 0, 0, 12, 0, 0, 0, 0, 0, 1, 13
xulung_app/app/views/shared/_footer.html.erb, ERB, 0, 0, 0, 0, 0, 0, 0, 0, 0, 0, 0, 64, 0, 0, 0, 0, 0, 4, 68
xulung_app/app/views/shared/_footerV3.html.erb, ERB, 0, 0, 0, 0, 0, 0, 0, 0, 0, 0, 0, 54, 0, 0, 0, 0, 0, 6, 60
xulung_app/app/views/shared/_footerjs.html.erb, ERB, 0, 0, 0, 0, 0, 0, 0, 0, 0, 0, 0, 94, 0, 0, 0, 0, 0, 9, 103
xulung_app/app/views/shared/_google_ad.html.erb, ERB, 0, 0, 0, 0, 0, 0, 0, 0, 0, 0, 0, 0, 0, 0, 0, 0, 0, 1, 1
xulung_app/app/views/shared/_head.html.erb, ERB, 0, 0, 0, 0, 0, 0, 0, 0, 0, 0, 0, 13, 0, 0, 0, 0, 0, 5, 18
xulung_app/app/views/shared/_header.html.erb, ERB, 0, 0, 0, 0, 0, 0, 0, 0, 0, 0, 0, 41, 0, 0, 0, 0, 0, 9, 50
xulung_app/app/views/shared/_headerV2.html.erb, ERB, 0, 0, 0, 0, 0, 0, 0, 0, 0, 0, 0, 65, 0, 0, 0, 0, 0, 8, 73
xulung_app/app/views/shared/_headerV3.html.erb, ERB, 0, 0, 0, 0, 0, 0, 0, 0, 0, 0, 0, 66, 0, 0, 0, 0, 0, 8, 74
xulung_app/app/views/shared/_headerpre.html.erb, ERB, 0, 0, 0, 0, 0, 0, 0, 0, 0, 0, 0, 45, 0, 0, 0, 0, 0, 6, 51
xulung_app/app/views/shared/_homeheader.html.erb, ERB, 0, 0, 0, 0, 0, 0, 0, 0, 0, 0, 0, 35, 0, 0, 0, 0, 0, 2, 37
xulung_app/app/views/shared/_meta.html.erb, ERB, 0, 0, 0, 0, 0, 0, 0, 0, 0, 0, 0, 3, 0, 0, 0, 0, 0, 0, 3
xulung_app/app/views/shared/_post_tag.html.erb, ERB, 0, 0, 0, 0, 0, 0, 0, 0, 0, 0, 0, 14, 0, 0, 0, 0, 0, 3, 17
xulung_app/app/views/shared/_video_tag.html.erb, ERB, 0, 0, 0, 0, 0, 0, 0, 0, 0, 0, 0, 17, 0, 0, 0, 0, 0, 3, 20
xulung_app/app/views/users/_profile_form.html.erb, ERB, 0, 0, 0, 0, 0, 0, 0, 0, 0, 0, 0, 21, 0, 0, 0, 0, 0, 4, 25
xulung_app/app/views/users/edit.html.erb, ERB, 0, 0, 0, 0, 0, 0, 0, 0, 0, 0, 0, 19, 0, 0, 0, 0, 0, 1, 20
xulung_app/app/views/videos/_blog_info.html.erb, ERB, 0, 0, 0, 0, 0, 0, 0, 0, 0, 0, 0, 16, 0, 0, 0, 0, 0, 1, 17
xulung_app/app/views/videos/_course.html.erb, ERB, 0, 0, 0, 0, 0, 0, 0, 0, 0, 0, 0, 365, 0, 0, 0, 0, 0, 21, 386
xulung_app/app/views/videos/_coursebylevel.html.erb, ERB, 0, 0, 0, 0, 0, 0, 0, 0, 0, 0, 0, 365, 0, 0, 0, 0, 0, 21, 386
xulung_app/app/views/videos/_form.html.erb, ERB, 0, 0, 0, 0, 0, 0, 0, 0, 0, 0, 0, 59, 0, 0, 0, 0, 0, 7, 66
xulung_app/app/views/videos/_list_videos.html.erb, ERB, 0, 0, 0, 0, 0, 0, 0, 0, 0, 0, 0, 88, 0, 0, 0, 0, 0, 6, 94
xulung_app/app/views/videos/_listbytag.html.erb, ERB, 0, 0, 0, 0, 0, 0, 0, 0, 0, 0, 0, 33, 0, 0, 0, 0, 0, 5, 38
xulung_app/app/views/videos/_listthumb.html.erb, ERB, 0, 0, 0, 0, 0, 0, 0, 0, 0, 0, 0, 20, 0, 0, 0, 0, 0, 3, 23
xulung_app/app/views/videos/_video.html.erb, ERB, 0, 0, 0, 0, 0, 0, 0, 0, 0, 0, 0, 15, 0, 0, 0, 0, 0, 5, 20
xulung_app/app/views/videos/edit.html.erb, ERB, 0, 0, 0, 0, 0, 0, 0, 0, 0, 0, 0, 15, 0, 0, 0, 0, 0, 1, 16
xulung_app/app/views/videos/index.html.erb, ERB, 0, 0, 0, 0, 0, 0, 0, 0, 0, 0, 0, 22, 0, 0, 0, 0, 0, 2, 24
xulung_app/app/views/videos/index.js.erb, ERB, 0, 0, 0, 0, 0, 0, 0, 0, 0, 0, 0, 14, 0, 0, 0, 0, 0, 0, 14
xulung_app/app/views/videos/index_old.html.erb, ERB, 0, 0, 0, 0, 0, 0, 0, 0, 0, 0, 0, 40, 0, 0, 0, 0, 0, 3, 43
xulung_app/app/views/videos/new.html.erb, ERB, 0, 0, 0, 0, 0, 0, 0, 0, 0, 0, 0, 1, 0, 0, 0, 0, 0, 0, 1
xulung_app/app/views/videos/show.html.erb, ERB, 0, 0, 0, 0, 0, 0, 0, 0, 0, 0, 0, 134, 0, 0, 0, 0, 0, 27, 161
xulung_app/app/views/welcome/_about.html.erb, ERB, 0, 0, 0, 0, 0, 0, 0, 0, 0, 0, 0, 35, 0, 0, 0, 0, 0, 3, 38
xulung_app/app/views/welcome/_app.html.erb, ERB, 0, 0, 0, 0, 0, 0, 0, 0, 0, 0, 0, 53, 0, 0, 0, 0, 0, 10, 63
xulung_app/app/views/welcome/_course.html.erb, ERB, 0, 0, 0, 0, 0, 0, 0, 0, 0, 0, 0, 22, 0, 0, 0, 0, 0, 2, 24
xulung_app/app/views/welcome/_coursestatic.html.erb, ERB, 0, 0, 0, 0, 0, 0, 0, 0, 0, 0, 0, 211, 0, 0, 0, 0, 0, 4, 215
xulung_app/app/views/welcome/_features.html.erb, ERB, 0, 0, 0, 0, 0, 0, 0, 0, 0, 0, 0, 136, 0, 0, 0, 0, 0, 4, 140
xulung_app/app/views/welcome/_home.html.erb, ERB, 0, 0, 0, 0, 0, 0, 0, 0, 0, 0, 0, 147, 0, 0, 0, 0, 0, 15, 162
xulung_app/app/views/welcome/_howto.html.erb, ERB, 0, 0, 0, 0, 0, 0, 0, 0, 0, 0, 0, 4, 0, 0, 0, 0, 0, 1, 5
xulung_app/app/views/welcome/_mastery.html.erb, ERB, 0, 0, 0, 0, 0, 0, 0, 0, 0, 0, 0, 36, 0, 0, 0, 0, 0, 5, 41
xulung_app/app/views/welcome/_membertype.html.erb, ERB, 0, 0, 0, 0, 0, 0, 0, 0, 0, 0, 0, 78, 0, 0, 0, 0, 0, 6, 84
xulung_app/app/views/welcome/_partner.html.erb, ERB, 0, 0, 0, 0, 0, 0, 0, 0, 0, 0, 0, 18, 0, 0, 0, 0, 0, 0, 18
xulung_app/app/views/welcome/_recommended_course.html.erb, ERB, 0, 0, 0, 0, 0, 0, 0, 0, 0, 0, 0, 20, 0, 0, 0, 0, 0, 2, 22
xulung_app/app/views/welcome/_register.html.erb, ERB, 0, 0, 0, 0, 0, 0, 0, 0, 0, 0, 0, 7, 0, 0, 0, 0, 0, 3, 10
xulung_app/app/views/welcome/_remark.html.erb, ERB, 0, 0, 0, 0, 0, 0, 0, 0, 0, 0, 0, 32, 0, 0, 0, 0, 0, 2, 34
xulung_app/app/views/welcome/_roboticsfaq.html.erb, ERB, 0, 0, 0, 0, 0, 0, 0, 0, 0, 0, 0, 32, 0, 0, 0, 0, 0, 3, 35
xulung_app/app/views/welcome/_signup.erb, ERB, 0, 0, 0, 0, 0, 0, 0, 0, 0, 0, 0, 43, 0, 0, 0, 0, 0, 16, 59
xulung_app/app/views/welcome/_slide.html.erb, ERB, 0, 0, 0, 0, 0, 0, 0, 0, 0, 0, 0, 30, 0, 0, 0, 0, 0, 2, 32
xulung_app/app/views/welcome/_slideV3.html.erb, ERB, 0, 0, 0, 0, 0, 0, 0, 0, 0, 0, 0, 10, 0, 0, 0, 0, 0, 1, 11
xulung_app/app/views/welcome/_team.html.erb, ERB, 0, 0, 0, 0, 0, 0, 0, 0, 0, 0, 0, 63, 0, 0, 0, 0, 0, 1, 64
xulung_app/app/views/welcome/_techcourse.html.erb, ERB, 0, 0, 0, 0, 0, 0, 0, 0, 0, 0, 0, 27, 0, 0, 0, 0, 0, 11, 38
xulung_app/app/views/welcome/home.html.erb, ERB, 0, 0, 0, 0, 0, 0, 0, 0, 0, 0, 0, 23, 0, 0, 0, 0, 0, 5, 28
xulung_app/app/views/welcome/homeV1.html.erb, ERB, 0, 0, 0, 0, 0, 0, 0, 0, 0, 0, 0, 90, 0, 0, 0, 0, 0, 10, 100
xulung_app/app/views/welcome/homeV10.html, HTML, 0, 0, 0, 0, 0, 0, 0, 88, 0, 0, 0, 0, 0, 0, 0, 0, 2, 10, 100
xulung_app/app/views/welcome/home_old.html.erb, ERB, 0, 0, 0, 0, 0, 0, 0, 0, 0, 0, 0, 31, 0, 0, 0, 0, 0, 7, 38
xulung_app/app/views/welcome/index.html.erb, ERB, 0, 0, 0, 0, 0, 0, 0, 0, 0, 0, 0, 34, 0, 0, 0, 0, 0, 8, 42
xulung_app/app/views/welcome/tos.html.erb, ERB, 0, 0, 0, 0, 0, 0, 0, 0, 0, 0, 0, 23, 0, 0, 0, 0, 0, 2, 25
xulung_app/app/views/welcome/welcome_greetings.html, HTML, 0, 0, 0, 0, 0, 0, 0, 338, 0, 0, 0, 0, 0, 0, 0, 0, 1, 50, 389
xulung_app/app/views/welcome/welcome_greetingsV1.html.erb, ERB, 0, 0, 0, 0, 0, 0, 0, 0, 0, 0, 0, 316, 0, 0, 0, 0, 0, 49, 365
xulung_app/app/views/welcome/welcome_promotion.html.erb, ERB, 0, 0, 0, 0, 0, 0, 0, 0, 0, 0, 0, 316, 0, 0, 0, 0, 0, 48, 364
xulung_app/config.ru, Ruby, 0, 0, 0, 0, 0, 2, 0, 0, 0, 0, 0, 0, 0, 0, 0, 0, 1, 2, 5
xulung_app/config/application.rb, Ruby, 0, 0, 0, 0, 0, 41, 0, 0, 0, 0, 0, 0, 0, 0, 0, 0, 10, 12, 63
xulung_app/config/boot.rb, Ruby, 0, 0, 0, 0, 0, 2, 0, 0, 0, 0, 0, 0, 0, 0, 0, 0, 1, 2, 5
xulung_app/config/database.yml, YAML, 0, 0, 0, 0, 0, 0, 13, 0, 0, 0, 0, 0, 0, 0, 0, 0, 9, 4, 26
xulung_app/config/environment.rb, Ruby, 0, 0, 0, 0, 0, 3, 0, 0, 0, 0, 0, 0, 0, 0, 0, 0, 2, 1, 6
xulung_app/config/environments/development.rb, Ruby, 0, 0, 0, 0, 0, 24, 0, 0, 0, 0, 0, 0, 0, 0, 0, 0, 20, 12, 56
xulung_app/config/environments/production.rb, Ruby, 0, 0, 0, 0, 0, 30, 0, 0, 0, 0, 0, 0, 0, 0, 0, 0, 43, 23, 96
xulung_app/config/environments/test.rb, Ruby, 0, 0, 0, 0, 0, 12, 0, 0, 0, 0, 0, 0, 0, 0, 0, 0, 18, 10, 40
xulung_app/config/initializers/assets.rb, Ruby, 0, 0, 0, 0, 0, 4, 0, 0, 0, 0, 0, 0, 0, 0, 0, 0, 6, 3, 13
xulung_app/config/initializers/backtrace_silencers.rb, Ruby, 0, 0, 0, 0, 0, 0, 0, 0, 0, 0, 0, 0, 0, 0, 0, 0, 5, 3, 8
xulung_app/config/initializers/canonical_rails.rb, Ruby, 0, 0, 0, 0, 0, 5, 0, 0, 0, 0, 0, 0, 0, 0, 0, 0, 9, 9, 23
xulung_app/config/initializers/carrierwave.rb, Ruby, 0, 0, 0, 0, 0, 2, 0, 0, 0, 0, 0, 0, 0, 0, 0, 0, 0, 1, 3
xulung_app/config/initializers/cookies_serializer.rb, Ruby, 0, 0, 0, 0, 0, 1, 0, 0, 0, 0, 0, 0, 0, 0, 0, 0, 1, 1, 3
xulung_app/config/initializers/devise.rb, Ruby, 0, 0, 0, 0, 0, 15, 0, 0, 0, 0, 0, 0, 0, 0, 0, 0, 238, 56, 309
xulung_app/config/initializers/filter_parameter_logging.rb, Ruby, 0, 0, 0, 0, 0, 1, 0, 0, 0, 0, 0, 0, 0, 0, 0, 0, 2, 2, 5
xulung_app/config/initializers/friendly_id/friendly_id.rb, Ruby, 0, 0, 0, 0, 0, 5, 0, 0, 0, 0, 0, 0, 0, 0, 0, 0, 84, 6, 95
xulung_app/config/initializers/friendly_id/slugged.rb, Ruby, 0, 0, 0, 0, 0, 7, 0, 0, 0, 0, 0, 0, 0, 0, 0, 0, 2, 1, 10
xulung_app/config/initializers/inflections.rb, Ruby, 0, 0, 0, 0, 0, 0, 0, 0, 0, 0, 0, 0, 0, 0, 0, 0, 14, 3, 17
xulung_app/config/initializers/kaminari_config.rb, Ruby, 0, 0, 0, 0, 0, 3, 0, 0, 0, 0, 0, 0, 0, 0, 0, 0, 7, 1, 11
xulung_app/config/initializers/letter_avatar.rb, Ruby, 0, 0, 0, 0, 0, 3, 0, 0, 0, 0, 0, 0, 0, 0, 0, 0, 0, 0, 3
xulung_app/config/initializers/mime_types.rb, Ruby, 0, 0, 0, 0, 0, 0, 0, 0, 0, 0, 0, 0, 0, 0, 0, 0, 3, 2, 5
xulung_app/config/initializers/rouge.rb, Ruby, 0, 0, 0, 0, 0, 1, 0, 0, 0, 0, 0, 0, 0, 0, 0, 0, 0, 1, 2
xulung_app/config/initializers/rucaptcha.rb, Ruby, 0, 0, 0, 0, 0, 5, 0, 0, 0, 0, 0, 0, 0, 0, 0, 0, 4, 1, 10
xulung_app/config/initializers/session_store.rb, Ruby, 0, 0, 0, 0, 0, 1, 0, 0, 0, 0, 0, 0, 0, 0, 0, 0, 1, 2, 4
xulung_app/config/initializers/setup_mail.rb, Ruby, 0, 0, 0, 0, 0, 10, 0, 0, 0, 0, 0, 0, 0, 0, 0, 0, 0, 2, 12
xulung_app/config/initializers/simple_form.rb, Ruby, 0, 0, 0, 0, 0, 21, 0, 0, 0, 0, 0, 0, 0, 0, 0, 0, 87, 37, 145
xulung_app/config/initializers/simple_form_bootstrap.rb, Ruby, 0, 0, 0, 0, 0, 37, 0, 0, 0, 0, 0, 0, 0, 0, 0, 0, 5, 4, 46
xulung_app/config/initializers/social_share_button.rb, Ruby, 0, 0, 0, 0, 0, 3, 0, 0, 0, 0, 0, 0, 0, 0, 0, 0, 0, 1, 4
xulung_app/config/initializers/wrap_parameters.rb, Ruby, 0, 0, 0, 0, 0, 3, 0, 0, 0, 0, 0, 0, 0, 0, 0, 0, 8, 4, 15
xulung_app/config/locales/devise.en.yml, YAML, 0, 0, 0, 0, 0, 0, 68, 0, 0, 0, 0, 0, 0, 0, 0, 0, 1, 2, 71
xulung_app/config/locales/devise.zh.yml, YAML, 0, 0, 0, 0, 0, 0, 68, 0, 0, 0, 0, 0, 0, 0, 0, 0, 3, 3, 74
xulung_app/config/locales/devise_invitable.en.yml, YAML, 0, 0, 0, 0, 0, 0, 31, 0, 0, 0, 0, 0, 0, 0, 0, 0, 0, 1, 32
xulung_app/config/locales/en.yml, YAML, 0, 0, 0, 0, 0, 0, 67, 0, 0, 0, 0, 0, 0, 0, 0, 0, 0, 1, 68
xulung_app/config/locales/kaminari-zh.yml, YAML, 0, 0, 0, 0, 0, 0, 8, 0, 0, 0, 0, 0, 0, 0, 0, 0, 0, 2, 10
xulung_app/config/locales/simple_form.en.yml, YAML, 0, 0, 0, 0, 0, 0, 9, 0, 0, 0, 0, 0, 0, 0, 0, 0, 16, 2, 27
xulung_app/config/locales/social_share_button.en.yml, YAML, 0, 0, 0, 0, 0, 0, 19, 0, 0, 0, 0, 0, 0, 0, 0, 0, 0, 1, 20
xulung_app/config/locales/social_share_button.zh-CN.yml, YAML, 0, 0, 0, 0, 0, 0, 19, 0, 0, 0, 0, 0, 0, 0, 0, 0, 0, 1, 20
xulung_app/config/locales/social_share_button.zh-TW.yml, YAML, 0, 0, 0, 0, 0, 0, 19, 0, 0, 0, 0, 0, 0, 0, 0, 0, 0, 1, 20
xulung_app/config/locales/videos.en.yml, YAML, 0, 0, 0, 0, 0, 0, 213, 0, 0, 0, 0, 0, 0, 0, 0, 0, 8, 1, 222
xulung_app/config/locales/videos.zh.yml, YAML, 0, 0, 0, 0, 0, 0, 231, 0, 0, 0, 0, 0, 0, 0, 0, 0, 0, 2, 233
xulung_app/config/locales/zh-CN.yml, YAML, 0, 0, 0, 0, 0, 0, 203, 0, 0, 0, 0, 0, 0, 0, 0, 0, 0, 1, 204
xulung_app/config/locales/zh.yml, YAML, 0, 0, 0, 0, 0, 0, 67, 0, 0, 0, 0, 0, 0, 0, 0, 0, 0, 1, 68
xulung_app/config/routes.rb, Ruby, 0, 0, 0, 0, 0, 55, 0, 0, 0, 0, 0, 0, 0, 0, 0, 0, 3, 16, 74
xulung_app/config/secrets.yml, YAML, 0, 0, 0, 0, 0, 0, 6, 0, 0, 0, 0, 0, 0, 0, 0, 0, 10, 7, 23
xulung_app/config/welcome.ja.yml, YAML, 0, 0, 0, 0, 0, 0, 100, 0, 0, 0, 0, 0, 0, 0, 0, 0, 0, 0, 100
xulung_app/db/migrate/20141229050633_create_videos.rb, Ruby, 0, 0, 0, 0, 0, 15, 0, 0, 0, 0, 0, 0, 0, 0, 0, 0, 0, 2, 17
xulung_app/db/migrate/20141230044425_devise_create_users.rb, Ruby, 0, 0, 0, 0, 0, 22, 0, 0, 0, 0, 0, 0, 0, 0, 0, 0, 15, 9, 46
xulung_app/db/migrate/20141230050648_add_admin_to_users.rb, Ruby, 0, 0, 0, 0, 0, 8, 0, 0, 0, 0, 0, 0, 0, 0, 0, 0, 0, 3, 11
xulung_app/db/migrate/20141231021529_create_tags.rb, Ruby, 0, 0, 0, 0, 0, 8, 0, 0, 0, 0, 0, 0, 0, 0, 0, 0, 0, 2, 10
xulung_app/db/migrate/20141231021551_create_taggings.rb, Ruby, 0, 0, 0, 0, 0, 9, 0, 0, 0, 0, 0, 0, 0, 0, 0, 0, 0, 2, 11
xulung_app/db/migrate/20141231035031_create_votes.rb, Ruby, 0, 0, 0, 0, 0, 8, 0, 0, 0, 0, 0, 0, 0, 0, 0, 0, 0, 1, 9
xulung_app/db/migrate/20141231142909_add_username_to_users.rb, Ruby, 0, 0, 0, 0, 0, 6, 0, 0, 0, 0, 0, 0, 0, 0, 0, 0, 0, 1, 7
xulung_app/db/migrate/20150101020344_add_provider_to_users.rb, Ruby, 0, 0, 0, 0, 0, 8, 0, 0, 0, 0, 0, 0, 0, 0, 0, 0, 0, 3, 11
xulung_app/db/migrate/20150102035438_add_published_to_videos.rb, Ruby, 0, 0, 0, 0, 0, 8, 0, 0, 0, 0, 0, 0, 0, 0, 0, 0, 0, 4, 12
xulung_app/db/migrate/20150104125032_change_published_to_true.rb, Ruby, 0, 0, 0, 0, 0, 8, 0, 0, 0, 0, 0, 0, 0, 0, 0, 0, 0, 2, 10
xulung_app/db/migrate/20150107220316_create_betausers.rb, Ruby, 0, 0, 0, 0, 0, 9, 0, 0, 0, 0, 0, 0, 0, 0, 0, 0, 0, 2, 11
xulung_app/db/migrate/20150113120603_add_user_id_to_videos.rb, Ruby, 0, 0, 0, 0, 0, 6, 0, 0, 0, 0, 0, 0, 0, 0, 0, 0, 0, 1, 7
xulung_app/db/migrate/20150113162354_add_views_to_videos_and_viewers.rb, Ruby, 0, 0, 0, 0, 0, 5, 0, 0, 0, 0, 0, 0, 0, 0, 0, 0, 0, 1, 6
xulung_app/db/migrate/20150113170820_add_visitorids_to_videos.rb, Ruby, 0, 0, 0, 0, 0, 5, 0, 0, 0, 0, 0, 0, 0, 0, 0, 0, 0, 3, 8
xulung_app/db/migrate/20150114184026_create_courselists.rb, Ruby, 0, 0, 0, 0, 0, 11, 0, 0, 0, 0, 0, 0, 0, 0, 0, 0, 0, 1, 12
xulung_app/db/migrate/20150115062927_create_favorites.rb, Ruby, 0, 0, 0, 0, 0, 9, 0, 0, 0, 0, 0, 0, 0, 0, 0, 0, 0, 2, 11
xulung_app/db/migrate/20150116213719_create_invites.rb, Ruby, 0, 0, 0, 0, 0, 12, 0, 0, 0, 0, 0, 0, 0, 0, 0, 0, 0, 2, 14
xulung_app/db/migrate/20150120052129_add_description_to_betasuer.rb, Ruby, 0, 0, 0, 0, 0, 5, 0, 0, 0, 0, 0, 0, 0, 0, 0, 0, 0, 1, 6
xulung_app/db/migrate/20150121042129_add_locale_to_user.rb, Ruby, 0, 0, 0, 0, 0, 5, 0, 0, 0, 0, 0, 0, 0, 0, 0, 0, 0, 1, 6
xulung_app/db/migrate/20150124022422_create_posts.rb, Ruby, 0, 0, 0, 0, 0, 12, 0, 0, 0, 0, 0, 0, 0, 0, 0, 0, 0, 2, 14
xulung_app/db/migrate/20150124025220_create_comments.rb, Ruby, 0, 0, 0, 0, 0, 13, 0, 0, 0, 0, 0, 0, 0, 0, 0, 0, 0, 3, 16
xulung_app/db/migrate/20150129114131_add_postimg_to_post.rb, Ruby, 0, 0, 0, 0, 0, 5, 0, 0, 0, 0, 0, 0, 0, 0, 0, 0, 0, 1, 6
xulung_app/db/migrate/20151103133630_add_post_to_taggings.rb, Ruby, 0, 0, 0, 0, 0, 5, 0, 0, 0, 0, 0, 0, 0, 0, 0, 0, 0, 1, 6
xulung_app/db/migrate/20151123044530_create_pages.rb, Ruby, 0, 0, 0, 0, 0, 13, 0, 0, 0, 0, 0, 0, 0, 0, 0, 0, 0, 1, 14
xulung_app/db/migrate/20151125141014_add_membership_to_user.rb, Ruby, 0, 0, 0, 0, 0, 5, 0, 0, 0, 0, 0, 0, 0, 0, 0, 0, 0, 1, 6
xulung_app/db/migrate/20151125144857_add_videogroup_to_video.rb, Ruby, 0, 0, 0, 0, 0, 5, 0, 0, 0, 0, 0, 0, 0, 0, 0, 0, 0, 1, 6
xulung_app/db/migrate/20151215013924_create_photos.rb, Ruby, 0, 0, 0, 0, 0, 10, 0, 0, 0, 0, 0, 0, 0, 0, 0, 0, 0, 1, 11
xulung_app/db/migrate/20151228070037_add_published_to_posts_and_pages.rb, Ruby, 0, 0, 0, 0, 0, 10, 0, 0, 0, 0, 0, 0, 0, 0, 0, 0, 0, 2, 12
xulung_app/db/migrate/20151231090909_add_hit_to_posts_pages.rb, Ruby, 0, 0, 0, 0, 0, 6, 0, 0, 0, 0, 0, 0, 0, 0, 0, 0, 0, 1, 7
xulung_app/db/migrate/20151231125758_add_approved_to_posts_videos.rb, Ruby, 0, 0, 0, 0, 0, 8, 0, 0, 0, 0, 0, 0, 0, 0, 0, 0, 0, 1, 9
xulung_app/db/migrate/20160114102241_add_postgroup_to_post.rb, Ruby, 0, 0, 0, 0, 0, 5, 0, 0, 0, 0, 0, 0, 0, 0, 0, 0, 0, 1, 6
xulung_app/db/migrate/20160129034800_create_consultants.rb, Ruby, 0, 0, 0, 0, 0, 18, 0, 0, 0, 0, 0, 0, 0, 0, 0, 0, 0, 1, 19
xulung_app/db/migrate/20160202002002_add_avatar_dashang_to_consultant.rb, Ruby, 0, 0, 0, 0, 0, 5, 0, 0, 0, 0, 0, 0, 0, 0, 0, 0, 0, 1, 6
xulung_app/db/migrate/20160216013324_devise_invitable_add_to_users.rb, Ruby, 0, 0, 0, 0, 0, 22, 0, 0, 0, 0, 0, 0, 0, 0, 0, 0, 0, 2, 24
xulung_app/db/migrate/20160310115843_add_slug_to_posts.rb, Ruby, 0, 0, 0, 0, 0, 6, 0, 0, 0, 0, 0, 0, 0, 0, 0, 0, 0, 1, 7
xulung_app/db/migrate/20160310122416_create_friendly_id_slugs.rb, Ruby, 0, 0, 0, 0, 0, 15, 0, 0, 0, 0, 0, 0, 0, 0, 0, 0, 0, 1, 16
xulung_app/db/migrate/20160310125823_add_slug_to_pages.rb, Ruby, 0, 0, 0, 0, 0, 6, 0, 0, 0, 0, 0, 0, 0, 0, 0, 0, 0, 1, 7
xulung_app/db/migrate/20160310125834_add_slug_to_videos.rb, Ruby, 0, 0, 0, 0, 0, 6, 0, 0, 0, 0, 0, 0, 0, 0, 0, 0, 0, 1, 7
xulung_app/db/migrate/20160417135326_add_tos_to_user.rb, Ruby, 0, 0, 0, 0, 0, 5, 0, 0, 0, 0, 0, 0, 0, 0, 0, 0, 0, 2, 7
xulung_app/db/migrate/20160419014330_create_orders.rb, Ruby, 0, 0, 0, 0, 0, 14, 0, 0, 0, 0, 0, 0, 0, 0, 0, 0, 0, 2, 16
xulung_app/db/migrate/20160423130007_add_order_type.rb, Ruby, 0, 0, 0, 0, 0, 4, 0, 0, 0, 0, 0, 0, 0, 0, 0, 0, 0, 1, 5
xulung_app/db/schema.rb, Ruby, 0, 0, 0, 0, 0, 170, 0, 0, 0, 0, 0, 0, 0, 0, 0, 0, 14, 29, 213
xulung_app/db/seeds.rb, Ruby, 0, 0, 0, 0, 0, 4, 0, 0, 0, 0, 0, 0, 0, 0, 0, 0, 13, 1, 18
xulung_app/deploy/nginx/fastcgi.conf, Properties, 0, 0, 0, 0, 0, 0, 0, 0, 19, 0, 0, 0, 0, 0, 0, 0, 1, 6, 26
xulung_app/deploy/nginx/nginx.conf, Properties, 0, 0, 0, 0, 0, 0, 0, 0, 21, 0, 0, 0, 0, 0, 0, 0, 55, 20, 96
xulung_app/lib/markdown.rb, Ruby, 0, 0, 0, 0, 0, 156, 0, 0, 0, 0, 0, 0, 0, 0, 0, 0, 27, 65, 248
xulung_app/lib/templates/erb/scaffold/_form.html.erb, ERB, 0, 0, 0, 0, 0, 0, 0, 0, 0, 0, 0, 11, 0, 0, 0, 0, 0, 3, 14
xulung_app/log.txt, Paradox, 0, 0, 0, 0, 0, 0, 0, 0, 0, 0, 0, 0, 0, 0, 0, 0, 0, 1, 1
xulung_app/log/development.log, Log, 0, 0, 0, 0, 0, 0, 0, 0, 0, 0, 0, 0, 0, 0, 0, 1430, 0, 232, 1662
xulung_app/public/404.html, HTML, 0, 0, 0, 0, 0, 0, 0, 61, 0, 0, 0, 0, 0, 0, 0, 0, 1, 6, 68
xulung_app/public/422.html, HTML, 0, 0, 0, 0, 0, 0, 0, 16, 0, 0, 0, 0, 0, 0, 0, 0, 1, 2, 19
xulung_app/public/500.html, HTML, 0, 0, 0, 0, 0, 0, 0, 60, 0, 0, 0, 0, 0, 0, 0, 0, 1, 6, 67
xulung_app/public/assets/Simple-Line-Icons-68776f58f8bb22c9b356713618662652.svg, XML, 0, 0, 0, 0, 0, 0, 0, 0, 0, 1369, 0, 0, 0, 0, 0, 0, 0, 0, 1369
xulung_app/public/assets/Simple-Line-Icons.dev-d2f63a4dbc81d84ce87b3f89286ef482.svg, XML, 0, 0, 0, 0, 0, 0, 0, 0, 0, 1369, 0, 0, 0, 0, 0, 0, 0, 0, 1369
xulung_app/public/assets/annotation-check-001f165ec7b605a6501aacbea6f3bf2b.svg, XML, 0, 0, 0, 0, 0, 0, 0, 0, 0, 3, 0, 0, 0, 0, 0, 0, 0, 1, 4
xulung_app/public/assets/annotation-comment-08675d9e6bea46c0e60d6f1bde603c86.svg, XML, 0, 0, 0, 0, 0, 0, 0, 0, 0, 3, 0, 0, 0, 0, 0, 0, 0, 1, 4
xulung_app/public/assets/annotation-text-b88ea2b7ca2897729526e94732235836.svg, XML, 0, 0, 0, 0, 0, 0, 0, 0, 0, 45, 0, 0, 0, 0, 0, 0, 0, 2, 47
xulung_app/public/assets/application-89aa2db44ab46b6ff6fda888c9f36ed2.js, JavaScript, 0, 0, 0, 0, 0, 0, 0, 0, 0, 0, 16838, 0, 0, 0, 0, 0, 2565, 2478, 21881
xulung_app/public/assets/application-b65b7a02ed915139136f3c32004b462a.css, CSS, 0, 0, 0, 0, 0, 0, 0, 0, 0, 0, 0, 0, 19053, 0, 0, 0, 962, 3030, 23045
xulung_app/public/assets/fontawesome-webfont-06190ae38211c963580a146bfae1cb64.svg, XML, 0, 0, 0, 0, 0, 0, 0, 0, 0, 520, 0, 0, 0, 0, 0, 0, 0, 0, 520
xulung_app/public/assets/glyphicons-halflings-regular-4728693e07f196754f7ee3ec3ddbdccd.svg, XML, 0, 0, 0, 0, 0, 0, 0, 0, 0, 229, 0, 0, 0, 0, 0, 0, 0, 0, 229
xulung_app/public/assets/manifest-e7ff809448c10db71d70a86fc29c9afb.json, JSON, 0, 0, 0, 0, 0, 0, 0, 0, 0, 0, 0, 0, 0, 0, 1, 0, 0, 0, 1
xulung_app/public/assets/timeline-right-831801614cbfd90ad5148ccb633abf23.svg, XML, 0, 0, 0, 0, 0, 0, 0, 0, 0, 14, 0, 0, 0, 0, 0, 0, 1, 1, 16
xulung_app/public/assets/timeline_down-682523827fe2f34532735bbaa95ccde3.svg, XML, 0, 0, 0, 0, 0, 0, 0, 0, 0, 14, 0, 0, 0, 0, 0, 0, 1, 1, 16
xulung_app/public/assets/vjs-6f0215bd6b7943c3b72bb3f650d96b69.svg, XML, 0, 0, 0, 0, 0, 0, 0, 0, 0, 28, 0, 0, 0, 0, 0, 0, 0, 0, 28
xulung_app/public/pdfjs/build/pdf.js, JavaScript, 0, 0, 0, 0, 0, 0, 0, 0, 0, 0, 5994, 0, 0, 0, 0, 0, 456, 622, 7072
xulung_app/public/pdfjs/build/pdf.worker.js, JavaScript, 0, 0, 0, 0, 0, 0, 0, 0, 0, 0, 35799, 0, 0, 0, 0, 0, 1258, 1631, 38688
xulung_app/public/pdfjs/web/compatibility.js, JavaScript, 0, 0, 0, 0, 0, 0, 0, 0, 0, 0, 362, 0, 0, 0, 0, 0, 62, 48, 472
xulung_app/public/pdfjs/web/debugger.js, JavaScript, 0, 0, 0, 0, 0, 0, 0, 0, 0, 0, 475, 0, 0, 0, 0, 0, 40, 18, 533
xulung_app/public/pdfjs/web/images/annotation-check.svg, XML, 0, 0, 0, 0, 0, 0, 0, 0, 0, 10, 0, 0, 0, 0, 0, 0, 0, 1, 11
xulung_app/public/pdfjs/web/images/annotation-comment.svg, XML, 0, 0, 0, 0, 0, 0, 0, 0, 0, 15, 0, 0, 0, 0, 0, 0, 0, 1, 16
xulung_app/public/pdfjs/web/images/annotation-help.svg, XML, 0, 0, 0, 0, 0, 0, 0, 0, 0, 25, 0, 0, 0, 0, 0, 0, 0, 1, 26
xulung_app/public/pdfjs/web/images/annotation-insert.svg, XML, 0, 0, 0, 0, 0, 0, 0, 0, 0, 9, 0, 0, 0, 0, 0, 0, 0, 1, 10
xulung_app/public/pdfjs/web/images/annotation-key.svg, XML, 0, 0, 0, 0, 0, 0, 0, 0, 0, 10, 0, 0, 0, 0, 0, 0, 0, 1, 11
xulung_app/public/pdfjs/web/images/annotation-newparagraph.svg, XML, 0, 0, 0, 0, 0, 0, 0, 0, 0, 10, 0, 0, 0, 0, 0, 0, 0, 1, 11
xulung_app/public/pdfjs/web/images/annotation-note.svg, XML, 0, 0, 0, 0, 0, 0, 0, 0, 0, 41, 0, 0, 0, 0, 0, 0, 0, 1, 42
xulung_app/public/pdfjs/web/images/annotation-paragraph.svg, XML, 0, 0, 0, 0, 0, 0, 0, 0, 0, 15, 0, 0, 0, 0, 0, 0, 0, 1, 16
xulung_app/public/pdfjs/web/l10n.js, JavaScript, 0, 0, 0, 0, 0, 0, 0, 0, 0, 0, 719, 0, 0, 0, 0, 0, 135, 69, 923
xulung_app/public/pdfjs/web/locale/ar/viewer.properties, Properties, 0, 0, 0, 0, 0, 0, 0, 0, 57, 0, 0, 0, 0, 0, 0, 0, 43, 13, 113
xulung_app/public/pdfjs/web/locale/ca/viewer.properties, Properties, 0, 0, 0, 0, 0, 0, 0, 0, 74, 0, 0, 0, 0, 0, 0, 0, 44, 14, 132
xulung_app/public/pdfjs/web/locale/cs/viewer.properties, Properties, 0, 0, 0, 0, 0, 0, 0, 0, 44, 0, 0, 0, 0, 0, 0, 0, 13, 2, 59
xulung_app/public/pdfjs/web/locale/da/viewer.properties, Properties, 0, 0, 0, 0, 0, 0, 0, 0, 77, 0, 0, 0, 0, 0, 0, 0, 43, 13, 133
xulung_app/public/pdfjs/web/locale/de/viewer.properties, Properties, 0, 0, 0, 0, 0, 0, 0, 0, 73, 0, 0, 0, 0, 0, 0, 0, 43, 13, 129
xulung_app/public/pdfjs/web/locale/el/viewer.properties, Properties, 0, 0, 0, 0, 0, 0, 0, 0, 69, 0, 0, 0, 0, 0, 0, 0, 43, 13, 125
xulung_app/public/pdfjs/web/locale/en-US/viewer.properties, Properties, 0, 0, 0, 0, 0, 0, 0, 0, 79, 0, 0, 0, 0, 0, 0, 0, 43, 13, 135
xulung_app/public/pdfjs/web/locale/es/viewer.properties, Properties, 0, 0, 0, 0, 0, 0, 0, 0, 76, 0, 0, 0, 0, 0, 0, 0, 43, 13, 132
xulung_app/public/pdfjs/web/locale/fi/viewer.properties, Properties, 0, 0, 0, 0, 0, 0, 0, 0, 74, 0, 0, 0, 0, 0, 0, 0, 43, 13, 130
xulung_app/public/pdfjs/web/locale/fr/viewer.properties, Properties, 0, 0, 0, 0, 0, 0, 0, 0, 75, 0, 0, 0, 0, 0, 0, 0, 43, 13, 131
xulung_app/public/pdfjs/web/locale/he/viewer.properties, Properties, 0, 0, 0, 0, 0, 0, 0, 0, 45, 0, 0, 0, 0, 0, 0, 0, 13, 2, 60
xulung_app/public/pdfjs/web/locale/it/viewer.properties, Properties, 0, 0, 0, 0, 0, 0, 0, 0, 30, 0, 0, 0, 0, 0, 0, 0, 13, 1, 44
xulung_app/public/pdfjs/web/locale/ja/viewer.properties, Properties, 0, 0, 0, 0, 0, 0, 0, 0, 77, 0, 0, 0, 0, 0, 0, 0, 43, 13, 133
xulung_app/public/pdfjs/web/locale/ko/viewer.properties, Properties, 0, 0, 0, 0, 0, 0, 0, 0, 76, 0, 0, 0, 0, 0, 0, 0, 43, 13, 132
xulung_app/public/pdfjs/web/locale/locale.properties, Properties, 0, 0, 0, 0, 0, 0, 0, 0, 52, 0, 0, 0, 0, 0, 0, 0, 0, 27, 79
xulung_app/public/pdfjs/web/locale/lt/viewer.properties, Properties, 0, 0, 0, 0, 0, 0, 0, 0, 74, 0, 0, 0, 0, 0, 0, 0, 43, 13, 130
xulung_app/public/pdfjs/web/locale/nl/viewer.properties, Properties, 0, 0, 0, 0, 0, 0, 0, 0, 79, 0, 0, 0, 0, 0, 0, 0, 43, 13, 135
xulung_app/public/pdfjs/web/locale/pl/viewer.properties, Properties, 0, 0, 0, 0, 0, 0, 0, 0, 77, 0, 0, 0, 0, 0, 0, 0, 43, 13, 133
xulung_app/public/pdfjs/web/locale/pt-BR/viewer.properties, Properties, 0, 0, 0, 0, 0, 0, 0, 0, 30, 0, 0, 0, 0, 0, 0, 0, 13, 2, 45
xulung_app/public/pdfjs/web/locale/ro/viewer.properties, Properties, 0, 0, 0, 0, 0, 0, 0, 0, 41, 0, 0, 0, 0, 0, 0, 0, 13, 2, 56
xulung_app/public/pdfjs/web/locale/ru/viewer.properties, Properties, 0, 0, 0, 0, 0, 0, 0, 0, 48, 0, 0, 0, 0, 0, 0, 0, 13, 2, 63
xulung_app/public/pdfjs/web/locale/sr/viewer.properties, Properties, 0, 0, 0, 0, 0, 0, 0, 0, 41, 0, 0, 0, 0, 0, 0, 0, 13, 2, 56
xulung_app/public/pdfjs/web/locale/sv/viewer.properties, Properties, 0, 0, 0, 0, 0, 0, 0, 0, 79, 0, 0, 0, 0, 0, 0, 0, 43, 13, 135
xulung_app/public/pdfjs/web/locale/tr/viewer.properties, Properties, 0, 0, 0, 0, 0, 0, 0, 0, 74, 0, 0, 0, 0, 0, 0, 0, 43, 13, 130
xulung_app/public/pdfjs/web/locale/vi/viewer.properties, Properties, 0, 0, 0, 0, 0, 0, 0, 0, 76, 0, 0, 0, 0, 0, 0, 0, 43, 13, 132
xulung_app/public/pdfjs/web/locale/zh-CN/viewer.properties, Properties, 0, 0, 0, 0, 0, 0, 0, 0, 74, 0, 0, 0, 0, 0, 0, 0, 43, 13, 130
xulung_app/public/pdfjs/web/locale/zh-TW/viewer.properties, Properties, 0, 0, 0, 0, 0, 0, 0, 0, 77, 0, 0, 0, 0, 0, 0, 0, 43, 13, 133
xulung_app/public/pdfjs/web/viewer.css, CSS, 0, 0, 0, 0, 0, 0, 0, 0, 0, 0, 0, 0, 1331, 0, 0, 0, 25, 189, 1545
xulung_app/public/pdfjs/web/viewer.html, HTML, 0, 0, 0, 0, 0, 0, 0, 201, 0, 0, 0, 0, 0, 0, 0, 0, 17, 32, 250
xulung_app/public/pdfjs/web/viewer.js, JavaScript, 0, 0, 0, 0, 0, 0, 0, 0, 0, 0, 3449, 0, 0, 0, 0, 0, 368, 661, 4478
xulung_app/public/robots.txt, Paradox, 0, 0, 0, 0, 0, 0, 0, 0, 0, 0, 0, 0, 0, 0, 0, 0, 5, 1, 6
xulung_app/readme.md, Markdown, 0, 0, 111, 0, 0, 0, 0, 0, 0, 0, 0, 0, 0, 0, 0, 0, 0, 52, 163
xulung_app/test/controllers/admin_controller_test.rb, Ruby, 0, 0, 0, 0, 0, 3, 0, 0, 0, 0, 0, 0, 0, 0, 0, 0, 3, 2, 8
xulung_app/test/controllers/comments_controller_test.rb, Ruby, 0, 0, 0, 0, 0, 3, 0, 0, 0, 0, 0, 0, 0, 0, 0, 0, 3, 2, 8
xulung_app/test/controllers/desktop_controller_test.rb, Ruby, 0, 0, 0, 0, 0, 7, 0, 0, 0, 0, 0, 0, 0, 0, 0, 0, 0, 3, 10
xulung_app/test/controllers/errors_controller_test.rb, Ruby, 0, 0, 0, 0, 0, 3, 0, 0, 0, 0, 0, 0, 0, 0, 0, 0, 3, 2, 8
xulung_app/test/controllers/favorite_controller_test.rb, Ruby, 0, 0, 0, 0, 0, 3, 0, 0, 0, 0, 0, 0, 0, 0, 0, 0, 3, 2, 8
xulung_app/test/controllers/info_controller_test.rb, Ruby, 0, 0, 0, 0, 0, 3, 0, 0, 0, 0, 0, 0, 0, 0, 0, 0, 3, 2, 8
xulung_app/test/controllers/invites_controller_test.rb, Ruby, 0, 0, 0, 0, 0, 39, 0, 0, 0, 0, 0, 0, 0, 0, 0, 0, 0, 11, 50
xulung_app/test/controllers/orders_controller_test.rb, Ruby, 0, 0, 0, 0, 0, 39, 0, 0, 0, 0, 0, 0, 0, 0, 0, 0, 0, 11, 50
xulung_app/test/controllers/page_controller_test.rb, Ruby, 0, 0, 0, 0, 0, 3, 0, 0, 0, 0, 0, 0, 0, 0, 0, 0, 3, 2, 8
xulung_app/test/controllers/pages_controller_test.rb, Ruby, 0, 0, 0, 0, 0, 3, 0, 0, 0, 0, 0, 0, 0, 0, 0, 0, 3, 2, 8
xulung_app/test/controllers/photos_controller_test.rb, Ruby, 0, 0, 0, 0, 0, 7, 0, 0, 0, 0, 0, 0, 0, 0, 0, 0, 0, 3, 10
xulung_app/test/controllers/posts_controller_test.rb, Ruby, 0, 0, 0, 0, 0, 39, 0, 0, 0, 0, 0, 0, 0, 0, 0, 0, 0, 11, 50
xulung_app/test/controllers/service_controller_test.rb, Ruby, 0, 0, 0, 0, 0, 11, 0, 0, 0, 0, 0, 0, 0, 0, 0, 0, 0, 4, 15
xulung_app/test/controllers/user_controller_test.rb, Ruby, 0, 0, 0, 0, 0, 3, 0, 0, 0, 0, 0, 0, 0, 0, 0, 0, 3, 2, 8
xulung_app/test/controllers/videos_controller_test.rb, Ruby, 0, 0, 0, 0, 0, 39, 0, 0, 0, 0, 0, 0, 0, 0, 0, 0, 0, 11, 50
xulung_app/test/controllers/welcome_controller_test.rb, Ruby, 0, 0, 0, 0, 0, 3, 0, 0, 0, 0, 0, 0, 0, 0, 0, 0, 3, 2, 8
xulung_app/test/fixtures/comments.yml, YAML, 0, 0, 0, 0, 0, 0, 6, 0, 0, 0, 0, 0, 0, 0, 0, 0, 1, 3, 10
xulung_app/test/fixtures/consultants.yml, YAML, 0, 0, 0, 0, 0, 0, 20, 0, 0, 0, 0, 0, 0, 0, 0, 0, 1, 3, 24
xulung_app/test/fixtures/favorites.yml, YAML, 0, 0, 0, 0, 0, 0, 8, 0, 0, 0, 0, 0, 0, 0, 0, 0, 1, 3, 12
xulung_app/test/fixtures/invites.yml, YAML, 0, 0, 0, 0, 0, 0, 10, 0, 0, 0, 0, 0, 0, 0, 0, 0, 1, 3, 14
xulung_app/test/fixtures/memberships.yml, YAML, 0, 0, 0, 0, 0, 0, 2, 0, 0, 0, 0, 0, 0, 0, 0, 0, 8, 2, 12
xulung_app/test/fixtures/orders.yml, YAML, 0, 0, 0, 0, 0, 0, 12, 0, 0, 0, 0, 0, 0, 0, 0, 0, 1, 3, 16
xulung_app/test/fixtures/pages.yml, YAML, 0, 0, 0, 0, 0, 0, 4, 0, 0, 0, 0, 0, 0, 0, 0, 0, 1, 3, 8
xulung_app/test/fixtures/posts.yml, YAML, 0, 0, 0, 0, 0, 0, 6, 0, 0, 0, 0, 0, 0, 0, 0, 0, 1, 3, 10
xulung_app/test/fixtures/profiles.yml, YAML, 0, 0, 0, 0, 0, 0, 6, 0, 0, 0, 0, 0, 0, 0, 0, 0, 1, 3, 10
xulung_app/test/fixtures/taggings.yml, YAML, 0, 0, 0, 0, 0, 0, 6, 0, 0, 0, 0, 0, 0, 0, 0, 0, 1, 3, 10
xulung_app/test/fixtures/tags.yml, YAML, 0, 0, 0, 0, 0, 0, 4, 0, 0, 0, 0, 0, 0, 0, 0, 0, 1, 3, 8
xulung_app/test/fixtures/users.yml, YAML, 0, 0, 0, 0, 0, 0, 2, 0, 0, 0, 0, 0, 0, 0, 0, 0, 8, 2, 12
xulung_app/test/fixtures/videos.yml, YAML, 0, 0, 0, 0, 0, 0, 4, 0, 0, 0, 0, 0, 0, 0, 0, 0, 1, 3, 8
xulung_app/test/fixtures/votes.yml, YAML, 0, 0, 0, 0, 0, 0, 8, 0, 0, 0, 0, 0, 0, 0, 0, 0, 1, 3, 12
xulung_app/test/helpers/admin_helper_test.rb, Ruby, 0, 0, 0, 0, 0, 3, 0, 0, 0, 0, 0, 0, 0, 0, 0, 0, 0, 2, 5
xulung_app/test/helpers/comments_helper_test.rb, Ruby, 0, 0, 0, 0, 0, 3, 0, 0, 0, 0, 0, 0, 0, 0, 0, 0, 0, 2, 5
xulung_app/test/helpers/desktop_helper_test.rb, Ruby, 0, 0, 0, 0, 0, 3, 0, 0, 0, 0, 0, 0, 0, 0, 0, 0, 0, 2, 5
xulung_app/test/helpers/errors_helper_test.rb, Ruby, 0, 0, 0, 0, 0, 3, 0, 0, 0, 0, 0, 0, 0, 0, 0, 0, 0, 2, 5
xulung_app/test/helpers/favorite_helper_test.rb, Ruby, 0, 0, 0, 0, 0, 3, 0, 0, 0, 0, 0, 0, 0, 0, 0, 0, 0, 2, 5
xulung_app/test/helpers/invites_helper_test.rb, Ruby, 0, 0, 0, 0, 0, 3, 0, 0, 0, 0, 0, 0, 0, 0, 0, 0, 0, 2, 5
xulung_app/test/helpers/orders_helper_test.rb, Ruby, 0, 0, 0, 0, 0, 3, 0, 0, 0, 0, 0, 0, 0, 0, 0, 0, 0, 2, 5
xulung_app/test/helpers/page_helper_test.rb, Ruby, 0, 0, 0, 0, 0, 3, 0, 0, 0, 0, 0, 0, 0, 0, 0, 0, 0, 2, 5
xulung_app/test/helpers/pages_helper_test.rb, Ruby, 0, 0, 0, 0, 0, 3, 0, 0, 0, 0, 0, 0, 0, 0, 0, 0, 0, 2, 5
xulung_app/test/helpers/photos_helper_test.rb, Ruby, 0, 0, 0, 0, 0, 3, 0, 0, 0, 0, 0, 0, 0, 0, 0, 0, 0, 2, 5
xulung_app/test/helpers/posts_helper_test.rb, Ruby, 0, 0, 0, 0, 0, 3, 0, 0, 0, 0, 0, 0, 0, 0, 0, 0, 0, 2, 5
xulung_app/test/helpers/service_helper_test.rb, Ruby, 0, 0, 0, 0, 0, 3, 0, 0, 0, 0, 0, 0, 0, 0, 0, 0, 0, 2, 5
xulung_app/test/helpers/user_helper_test.rb, Ruby, 0, 0, 0, 0, 0, 3, 0, 0, 0, 0, 0, 0, 0, 0, 0, 0, 0, 2, 5
xulung_app/test/helpers/videos_helper_test.rb, Ruby, 0, 0, 0, 0, 0, 3, 0, 0, 0, 0, 0, 0, 0, 0, 0, 0, 0, 2, 5
xulung_app/test/helpers/welcome_helper_test.rb, Ruby, 0, 0, 0, 0, 0, 11, 0, 0, 0, 0, 0, 0, 0, 0, 0, 0, 0, 2, 13
xulung_app/test/mailers/invite_mailer_test.rb, Ruby, 0, 0, 0, 0, 0, 10, 0, 0, 0, 0, 0, 0, 0, 0, 0, 0, 0, 3, 13
xulung_app/test/mailers/invitemailer_test.rb, Ruby, 0, 0, 0, 0, 0, 3, 0, 0, 0, 0, 0, 0, 0, 0, 0, 0, 3, 2, 8
xulung_app/test/mailers/previews/invite_mailer_preview.rb, Ruby, 0, 0, 0, 0, 0, 5, 0, 0, 0, 0, 0, 0, 0, 0, 0, 0, 2, 3, 10
xulung_app/test/mailers/previews/invitemailer_preview.rb, Ruby, 0, 0, 0, 0, 0, 2, 0, 0, 0, 0, 0, 0, 0, 0, 0, 0, 1, 2, 5
xulung_app/test/mailers/previews/welcome_mailer_preview.rb, Ruby, 0, 0, 0, 0, 0, 2, 0, 0, 0, 0, 0, 0, 0, 0, 0, 0, 1, 2, 5
xulung_app/test/mailers/previews/welcome_preview.rb, Ruby, 0, 0, 0, 0, 0, 5, 0, 0, 0, 0, 0, 0, 0, 0, 0, 0, 2, 3, 10
xulung_app/test/mailers/welcome_mailer_test.rb, Ruby, 0, 0, 0, 0, 0, 3, 0, 0, 0, 0, 0, 0, 0, 0, 0, 0, 3, 2, 8
xulung_app/test/mailers/welcome_test.rb, Ruby, 0, 0, 0, 0, 0, 10, 0, 0, 0, 0, 0, 0, 0, 0, 0, 0, 0, 3, 13
xulung_app/test/models/comment_test.rb, Ruby, 0, 0, 0, 0, 0, 3, 0, 0, 0, 0, 0, 0, 0, 0, 0, 0, 3, 2, 8
xulung_app/test/models/consultant_test.rb, Ruby, 0, 0, 0, 0, 0, 3, 0, 0, 0, 0, 0, 0, 0, 0, 0, 0, 3, 2, 8
xulung_app/test/models/favorite_test.rb, Ruby, 0, 0, 0, 0, 0, 3, 0, 0, 0, 0, 0, 0, 0, 0, 0, 0, 3, 2, 8
xulung_app/test/models/invite_test.rb, Ruby, 0, 0, 0, 0, 0, 3, 0, 0, 0, 0, 0, 0, 0, 0, 0, 0, 3, 2, 8
xulung_app/test/models/membership_test.rb, Ruby, 0, 0, 0, 0, 0, 3, 0, 0, 0, 0, 0, 0, 0, 0, 0, 0, 3, 2, 8
xulung_app/test/models/order_test.rb, Ruby, 0, 0, 0, 0, 0, 3, 0, 0, 0, 0, 0, 0, 0, 0, 0, 0, 3, 2, 8
xulung_app/test/models/page_test.rb, Ruby, 0, 0, 0, 0, 0, 3, 0, 0, 0, 0, 0, 0, 0, 0, 0, 0, 3, 2, 8
xulung_app/test/models/post_test.rb, Ruby, 0, 0, 0, 0, 0, 3, 0, 0, 0, 0, 0, 0, 0, 0, 0, 0, 3, 2, 8
xulung_app/test/models/profile_test.rb, Ruby, 0, 0, 0, 0, 0, 3, 0, 0, 0, 0, 0, 0, 0, 0, 0, 0, 3, 2, 8
xulung_app/test/models/tag_test.rb, Ruby, 0, 0, 0, 0, 0, 3, 0, 0, 0, 0, 0, 0, 0, 0, 0, 0, 3, 2, 8
xulung_app/test/models/tagging_test.rb, Ruby, 0, 0, 0, 0, 0, 3, 0, 0, 0, 0, 0, 0, 0, 0, 0, 0, 3, 2, 8
xulung_app/test/models/user_test.rb, Ruby, 0, 0, 0, 0, 0, 3, 0, 0, 0, 0, 0, 0, 0, 0, 0, 0, 3, 2, 8
xulung_app/test/models/video_test.rb, Ruby, 0, 0, 0, 0, 0, 3, 0, 0, 0, 0, 0, 0, 0, 0, 0, 0, 0, 3, 6
xulung_app/test/models/vote_test.rb, Ruby, 0, 0, 0, 0, 0, 3, 0, 0, 0, 0, 0, 0, 0, 0, 0, 0, 3, 2, 8
xulung_app/test/test_helper.rb, Ruby, 0, 0, 0, 0, 0, 6, 0, 0, 0, 0, 0, 0, 0, 0, 0, 0, 2, 3, 11
xulung_app/vendor/assets/javascripts/jquery.infinitescroll.js, JavaScript, 0, 0, 0, 0, 0, 0, 0, 0, 0, 0, 518, 0, 0, 0, 0, 0, 138, 172, 828
Total, -, 13, 0, 137, 3, 57, 2905, 1239, 802, 1788, 7066, 150729, 8685, 35023, 6, 1, 1430, 15522, 21300, 246706